-- phpMyAdmin SQL Dump
-- version 5.2.1
-- https://www.phpmyadmin.net/
--
-- Host: 127.0.0.1
-- Creato il: Mag 02, 2026 alle 21:48
-- Versione del server: 10.4.32-MariaDB
-- Versione PHP: 8.2.12

SET SQL_MODE = "NO_AUTO_VALUE_ON_ZERO";
START TRANSACTION;
SET time_zone = "+00:00";


/*!40101 SET @OLD_CHARACTER_SET_CLIENT=@@CHARACTER_SET_CLIENT */;
/*!40101 SET @OLD_CHARACTER_SET_RESULTS=@@CHARACTER_SET_RESULTS */;
/*!40101 SET @OLD_COLLATION_CONNECTION=@@COLLATION_CONNECTION */;
/*!40101 SET NAMES utf8mb4 */;

--
-- Database: `drone_delivery`
--

-- --------------------------------------------------------

--
-- Struttura della tabella `customers`
--

CREATE TABLE `customers` (
  `id` int(11) NOT NULL,
  `username` varchar(50) NOT NULL,
  `email` varchar(100) NOT NULL,
  `password_hash` varchar(255) NOT NULL,
  `created_at` timestamp NOT NULL DEFAULT current_timestamp()
) ENGINE=InnoDB DEFAULT CHARSET=utf8mb4 COLLATE=utf8mb4_general_ci;

--
-- Dump dei dati per la tabella `customers`
--

INSERT INTO `customers` (`id`, `username`, `email`, `password_hash`, `created_at`) VALUES
(1, 'cliente1', 'cliente1@example.com', '$2y$10$MoRFns3l1Hs5WZrqivOw7.6Ck0h.f9M3P/3M.6fUOsKtcaXdBacuS', '2026-03-29 14:03:35'),
(2, 'teo', 'matcrot05@gmail.com', '$2y$10$WaqrWDz9VC.dAzaXR4IaU.Q6ySTVtj3HsmElp3yFH9cchomT4Ra0G', '2026-03-29 15:04:23'),
(3, 'sarah', 'saretta2002@libero.it', '$2y$10$IFEltBvKxY31QvDaySWa5OqomASkX7Ccw34Mq3mt/toW.0Et8xrjW', '2026-04-01 16:08:48');

-- --------------------------------------------------------

--
-- Struttura della tabella `drones`
--

CREATE TABLE `drones` (
  `id` int(11) NOT NULL,
  `name` varchar(50) NOT NULL,
  `status` enum('attivo','occupato','offline') DEFAULT 'offline',
  `battery` int(11) DEFAULT 100,
  `location` varchar(50) DEFAULT '45.5416,10.2118',
  `latitude` varchar(50) DEFAULT NULL,
  `longitude` varchar(50) DEFAULT NULL,
  `current_order` int(11) DEFAULT NULL
) ENGINE=InnoDB DEFAULT CHARSET=utf8mb4 COLLATE=utf8mb4_general_ci;

--
-- Dump dei dati per la tabella `drones`
--

INSERT INTO `drones` (`id`, `name`, `status`, `battery`, `location`, `latitude`, `longitude`, `current_order`) VALUES
(1, 'Drone 1', 'attivo', 100, '45.5426,10.2128', '45.5425', '10.2135', NULL),
(2, 'Drone 2', 'offline', 97, '45.5415,10.2135', '45.5294', '10.2198359', NULL),
(3, 'Drone 3', 'attivo', 100, '45.5400,10.2150', '45.5425', '10.2198', 10),
(4, 'drone 4', 'attivo', 100, '45.5416,10.2118', '45.535475976358', '10.213754155312', NULL),
(5, 'Drone 5', 'offline', 96, '45.5416,10.2118', '45.532242776512', '10.214526470798', NULL),
(6, 'Drone 6', 'occupato', 100, '45.5416,10.2118', '45.541891351417', '10.19650591057', 7),
(7, 'Drone 7', 'attivo', 100, '45.5416,10.2118', '45.5521', '10.2198', NULL);

-- --------------------------------------------------------

--
-- Struttura della tabella `drone_path`
--

CREATE TABLE `drone_path` (
  `id` int(11) NOT NULL,
  `drone_id` int(11) NOT NULL,
  `lat` double NOT NULL,
  `lng` double NOT NULL,
  `timestamp` timestamp NOT NULL DEFAULT current_timestamp()
) ENGINE=InnoDB DEFAULT CHARSET=utf8mb4 COLLATE=utf8mb4_general_ci;

--
-- Dump dei dati per la tabella `drone_path`
--

INSERT INTO `drone_path` (`id`, `drone_id`, `lat`, `lng`, `timestamp`) VALUES
(1, 1, 45.5416, 10.2118, '2026-04-25 17:46:11'),
(2, 2, 45.531004854836, 10.219156200859, '2026-04-25 17:46:11'),
(3, 3, 45.558483541002, 10.225505462696, '2026-04-25 17:46:11'),
(4, 4, 45.552194428455, 10.201106558195, '2026-04-25 17:46:11'),
(5, 5, 45.561987828244, 10.229900413368, '2026-04-25 17:46:11'),
(6, 6, 45.556068453639, 10.219727919802, '2026-04-25 17:46:11'),
(7, 1, 45.5416, 10.2118, '2026-04-25 17:46:18'),
(8, 2, 45.530809709672, 10.219112401718, '2026-04-25 17:46:18'),
(9, 3, 45.558367082004, 10.225410925392, '2026-04-25 17:46:18'),
(10, 4, 45.55208885691, 10.20121311639, '2026-04-25 17:46:18'),
(11, 5, 45.561875656488, 10.229800826736, '2026-04-25 17:46:18'),
(12, 6, 45.555936907278, 10.219655839604, '2026-04-25 17:46:18'),
(13, 1, 45.5416, 10.2118, '2026-04-25 17:46:18'),
(14, 2, 45.530614564508, 10.219068602577, '2026-04-25 17:46:18'),
(15, 3, 45.558250623006, 10.225316388088, '2026-04-25 17:46:18'),
(16, 4, 45.551983285365, 10.201319674585, '2026-04-25 17:46:18'),
(17, 5, 45.561763484732, 10.229701240104, '2026-04-25 17:46:18'),
(18, 6, 45.555805360917, 10.219583759406, '2026-04-25 17:46:18'),
(19, 1, 45.5416, 10.2118, '2026-04-25 17:46:19'),
(20, 2, 45.530419419344, 10.219024803436, '2026-04-25 17:46:19'),
(21, 3, 45.558134164008, 10.225221850784, '2026-04-25 17:46:19'),
(22, 4, 45.55187771382, 10.20142623278, '2026-04-25 17:46:19'),
(23, 5, 45.561651312976, 10.229601653472, '2026-04-25 17:46:19'),
(24, 6, 45.555673814556, 10.219511679208, '2026-04-25 17:46:19'),
(25, 1, 45.5416, 10.2118, '2026-04-25 17:46:19'),
(26, 2, 45.53022427418, 10.218981004295, '2026-04-25 17:46:19'),
(27, 3, 45.55801770501, 10.22512731348, '2026-04-25 17:46:19'),
(28, 4, 45.551772142275, 10.201532790975, '2026-04-25 17:46:19'),
(29, 5, 45.56153914122, 10.22950206684, '2026-04-25 17:46:19'),
(30, 6, 45.555542268195, 10.21943959901, '2026-04-25 17:46:19'),
(31, 1, 45.5416, 10.2118, '2026-04-25 17:46:19'),
(32, 2, 45.530029129016, 10.218937205154, '2026-04-25 17:46:19'),
(33, 3, 45.557901246012, 10.225032776176, '2026-04-25 17:46:19'),
(34, 4, 45.55166657073, 10.20163934917, '2026-04-25 17:46:19'),
(35, 5, 45.561426969464, 10.229402480208, '2026-04-25 17:46:19'),
(36, 6, 45.555410721834, 10.219367518812, '2026-04-25 17:46:19'),
(37, 1, 45.5416, 10.2118, '2026-04-25 17:46:19'),
(38, 2, 45.529833983852, 10.218893406013, '2026-04-25 17:46:19'),
(39, 3, 45.557784787014, 10.224938238872, '2026-04-25 17:46:19'),
(40, 4, 45.551560999185, 10.201745907365, '2026-04-25 17:46:19'),
(41, 5, 45.561314797708, 10.229302893576, '2026-04-25 17:46:20'),
(42, 6, 45.555279175473, 10.219295438614, '2026-04-25 17:46:20'),
(43, 1, 45.5416, 10.2118, '2026-04-25 17:46:20'),
(44, 2, 45.529638838688, 10.218849606872, '2026-04-25 17:46:20'),
(45, 3, 45.557668328016, 10.224843701568, '2026-04-25 17:46:20'),
(46, 4, 45.55145542764, 10.20185246556, '2026-04-25 17:46:20'),
(47, 5, 45.561202625952, 10.229203306944, '2026-04-25 17:46:20'),
(48, 6, 45.555147629112, 10.219223358416, '2026-04-25 17:46:20'),
(49, 1, 45.5416, 10.2118, '2026-04-25 17:46:20'),
(50, 2, 45.529443693524, 10.218805807731, '2026-04-25 17:46:20'),
(51, 3, 45.557551869018, 10.224749164264, '2026-04-25 17:46:20'),
(52, 4, 45.551349856095, 10.201959023755, '2026-04-25 17:46:20'),
(53, 5, 45.561090454196, 10.229103720312, '2026-04-25 17:46:20'),
(54, 6, 45.555016082751, 10.219151278218, '2026-04-25 17:46:20'),
(55, 1, 45.5416, 10.2118, '2026-04-25 17:46:20'),
(56, 2, 45.52924854836, 10.21876200859, '2026-04-25 17:46:20'),
(57, 3, 45.55743541002, 10.22465462696, '2026-04-25 17:46:20'),
(58, 4, 45.55124428455, 10.20206558195, '2026-04-25 17:46:20'),
(59, 5, 45.56097828244, 10.22900413368, '2026-04-25 17:46:20'),
(60, 6, 45.55488453639, 10.21907919802, '2026-04-25 17:46:20'),
(61, 1, 45.5416, 10.2118, '2026-04-25 17:46:20'),
(62, 2, 45.529053403196, 10.218718209449, '2026-04-25 17:46:20'),
(63, 3, 45.557318951022, 10.224560089656, '2026-04-25 17:46:20'),
(64, 4, 45.551138713005, 10.202172140145, '2026-04-25 17:46:20'),
(65, 5, 45.560866110684, 10.228904547048, '2026-04-25 17:46:20'),
(66, 6, 45.554752990029, 10.219007117822, '2026-04-25 17:46:20'),
(67, 1, 45.5416, 10.2118, '2026-04-25 17:46:20'),
(68, 2, 45.528858258032, 10.218674410308, '2026-04-25 17:46:20'),
(69, 3, 45.557202492024, 10.224465552352, '2026-04-25 17:46:20'),
(70, 4, 45.55103314146, 10.20227869834, '2026-04-25 17:46:20'),
(71, 5, 45.560753938928, 10.228804960416, '2026-04-25 17:46:20'),
(72, 6, 45.554621443668, 10.218935037624, '2026-04-25 17:46:20'),
(73, 1, 45.5416, 10.2118, '2026-04-25 17:46:21'),
(74, 2, 45.528663112868, 10.218630611167, '2026-04-25 17:46:21'),
(75, 3, 45.557086033026, 10.224371015048, '2026-04-25 17:46:21'),
(76, 4, 45.550927569915, 10.202385256535, '2026-04-25 17:46:21'),
(77, 5, 45.560641767172, 10.228705373784, '2026-04-25 17:46:21'),
(78, 6, 45.554489897307, 10.218862957426, '2026-04-25 17:46:21'),
(79, 1, 45.5416, 10.2118, '2026-04-25 17:46:21'),
(80, 2, 45.528467967704, 10.218586812026, '2026-04-25 17:46:21'),
(81, 3, 45.556969574028, 10.224276477744, '2026-04-25 17:46:21'),
(82, 4, 45.55082199837, 10.20249181473, '2026-04-25 17:46:21'),
(83, 5, 45.560529595416, 10.228605787152, '2026-04-25 17:46:21'),
(84, 6, 45.554358350946, 10.218790877228, '2026-04-25 17:46:21'),
(85, 1, 45.5416, 10.2118, '2026-04-25 17:46:21'),
(86, 2, 45.52827282254, 10.218543012885, '2026-04-25 17:46:21'),
(87, 3, 45.55685311503, 10.22418194044, '2026-04-25 17:46:21'),
(88, 4, 45.550716426825, 10.202598372925, '2026-04-25 17:46:21'),
(89, 5, 45.56041742366, 10.22850620052, '2026-04-25 17:46:21'),
(90, 6, 45.554226804585, 10.21871879703, '2026-04-25 17:46:21'),
(91, 1, 45.5416, 10.2118, '2026-04-25 17:46:21'),
(92, 2, 45.528077677376, 10.218499213744, '2026-04-25 17:46:21'),
(93, 3, 45.556736656032, 10.224087403136, '2026-04-25 17:46:22'),
(94, 4, 45.55061085528, 10.20270493112, '2026-04-25 17:46:22'),
(95, 5, 45.560305251904, 10.228406613888, '2026-04-25 17:46:22'),
(96, 6, 45.554095258224, 10.218646716832, '2026-04-25 17:46:22'),
(97, 1, 45.5416, 10.2118, '2026-04-25 17:46:22'),
(98, 2, 45.527882532212, 10.218455414603, '2026-04-25 17:46:22'),
(99, 3, 45.556620197034, 10.223992865832, '2026-04-25 17:46:22'),
(100, 4, 45.550505283735, 10.202811489315, '2026-04-25 17:46:22'),
(101, 5, 45.560193080148, 10.228307027256, '2026-04-25 17:46:22'),
(102, 6, 45.553963711863, 10.218574636634, '2026-04-25 17:46:22'),
(103, 1, 45.5416, 10.2118, '2026-04-25 17:46:22'),
(104, 2, 45.527687387048, 10.218411615462, '2026-04-25 17:46:22'),
(105, 3, 45.556503738036, 10.223898328528, '2026-04-25 17:46:22'),
(106, 4, 45.55039971219, 10.20291804751, '2026-04-25 17:46:22'),
(107, 5, 45.560080908392, 10.228207440624, '2026-04-25 17:46:22'),
(108, 6, 45.553832165502, 10.218502556436, '2026-04-25 17:46:22'),
(109, 1, 45.5416, 10.2118, '2026-04-25 17:46:23'),
(110, 2, 45.527492241884, 10.218367816321, '2026-04-25 17:46:23'),
(111, 3, 45.556387279038, 10.223803791224, '2026-04-25 17:46:23'),
(112, 4, 45.550294140645, 10.203024605705, '2026-04-25 17:46:23'),
(113, 5, 45.559968736636, 10.228107853992, '2026-04-25 17:46:23'),
(114, 6, 45.553700619141, 10.218430476238, '2026-04-25 17:46:23'),
(115, 1, 45.5416, 10.2118, '2026-04-25 17:46:23'),
(116, 2, 45.52729709672, 10.21832401718, '2026-04-25 17:46:23'),
(117, 3, 45.55627082004, 10.22370925392, '2026-04-25 17:46:23'),
(118, 4, 45.5501885691, 10.2031311639, '2026-04-25 17:46:23'),
(119, 5, 45.55985656488, 10.22800826736, '2026-04-25 17:46:23'),
(120, 6, 45.55356907278, 10.21835839604, '2026-04-25 17:46:23'),
(121, 1, 45.5416, 10.2118, '2026-04-25 17:46:23'),
(122, 2, 45.527101951556, 10.218280218039, '2026-04-25 17:46:23'),
(123, 3, 45.556154361042, 10.223614716616, '2026-04-25 17:46:23'),
(124, 4, 45.550082997555, 10.203237722095, '2026-04-25 17:46:23'),
(125, 5, 45.559744393124, 10.227908680728, '2026-04-25 17:46:23'),
(126, 6, 45.553437526419, 10.218286315842, '2026-04-25 17:46:23'),
(127, 1, 45.5416, 10.2118, '2026-04-25 17:46:24'),
(128, 2, 45.526906806392, 10.218236418898, '2026-04-25 17:46:24'),
(129, 3, 45.556037902044, 10.223520179312, '2026-04-25 17:46:24'),
(130, 4, 45.54997742601, 10.20334428029, '2026-04-25 17:46:24'),
(131, 5, 45.559632221368, 10.227809094096, '2026-04-25 17:46:24'),
(132, 6, 45.553305980058, 10.218214235644, '2026-04-25 17:46:24'),
(133, 1, 45.5416, 10.2118, '2026-04-25 17:46:24'),
(134, 2, 45.526711661228, 10.218192619757, '2026-04-25 17:46:24'),
(135, 3, 45.555921443046, 10.223425642008, '2026-04-25 17:46:24'),
(136, 4, 45.549871854465, 10.203450838485, '2026-04-25 17:46:24'),
(137, 5, 45.559520049612, 10.227709507464, '2026-04-25 17:46:24'),
(138, 6, 45.553174433697, 10.218142155446, '2026-04-25 17:46:24'),
(139, 2, 45.526895436994, 10.218113711787, '2026-04-29 13:16:36'),
(140, 3, 45.555804984048, 10.223331104704, '2026-04-29 13:16:36'),
(141, 4, 45.549696542307, 10.203547096717, '2026-04-29 13:16:36'),
(142, 5, 45.559407877856, 10.227609920832, '2026-04-29 13:16:36'),
(143, 6, 45.553125361548, 10.217948269077, '2026-04-29 13:16:36'),
(144, 2, 45.52707921276, 10.218034803817, '2026-04-29 13:16:38'),
(145, 3, 45.55568852505, 10.2232365674, '2026-04-29 13:16:38'),
(146, 4, 45.549521230149, 10.203643354949, '2026-04-29 13:16:38'),
(147, 5, 45.5592957061, 10.2275103342, '2026-04-29 13:16:38'),
(148, 6, 45.553076289399, 10.217754382708, '2026-04-29 13:16:38'),
(149, 2, 45.527262988526, 10.217955895847, '2026-04-29 13:16:40'),
(150, 3, 45.555572066052, 10.223142030096, '2026-04-29 13:16:40'),
(151, 4, 45.549345917991, 10.203739613181, '2026-04-29 13:16:40'),
(152, 5, 45.559183534344, 10.227410747568, '2026-04-29 13:16:40'),
(153, 6, 45.55302721725, 10.217560496339, '2026-04-29 13:16:40'),
(154, 2, 45.527446764292, 10.217876987877, '2026-04-29 13:16:42'),
(155, 3, 45.555455607054, 10.223047492792, '2026-04-29 13:16:42'),
(156, 4, 45.549170605833, 10.203835871413, '2026-04-29 13:16:42'),
(157, 5, 45.559071362588, 10.227311160936, '2026-04-29 13:16:42'),
(158, 6, 45.552978145101, 10.21736660997, '2026-04-29 13:16:42'),
(159, 2, 45.527630540058, 10.217798079907, '2026-04-29 13:16:44'),
(160, 3, 45.555339148056, 10.222952955488, '2026-04-29 13:16:44'),
(161, 4, 45.548995293675, 10.203932129645, '2026-04-29 13:16:44'),
(162, 5, 45.558959190832, 10.227211574304, '2026-04-29 13:16:44'),
(163, 6, 45.552929072952, 10.217172723601, '2026-04-29 13:16:44'),
(164, 2, 45.527814315824, 10.217719171937, '2026-04-29 13:16:46'),
(165, 3, 45.555222689058, 10.222858418184, '2026-04-29 13:16:46'),
(166, 4, 45.548819981517, 10.204028387877, '2026-04-29 13:16:46'),
(167, 5, 45.558847019076, 10.227111987672, '2026-04-29 13:16:46'),
(168, 6, 45.552880000803, 10.216978837232, '2026-04-29 13:16:46'),
(169, 2, 45.52799809159, 10.217640263967, '2026-04-29 13:16:48'),
(170, 3, 45.55510623006, 10.22276388088, '2026-04-29 13:16:48'),
(171, 4, 45.548644669359, 10.204124646109, '2026-04-29 13:16:48'),
(172, 5, 45.55873484732, 10.22701240104, '2026-04-29 13:16:48'),
(173, 6, 45.552830928654, 10.216784950863, '2026-04-29 13:16:48'),
(174, 2, 45.528181867356, 10.217561355997, '2026-04-29 13:16:50'),
(175, 3, 45.554989771062, 10.222669343576, '2026-04-29 13:16:50'),
(176, 4, 45.548469357201, 10.204220904341, '2026-04-29 13:16:50'),
(177, 5, 45.558622675564, 10.226912814408, '2026-04-29 13:16:50'),
(178, 6, 45.552781856505, 10.216591064494, '2026-04-29 13:16:50'),
(179, 2, 45.528365643122, 10.217482448027, '2026-04-29 13:16:52'),
(180, 3, 45.554873312064, 10.222574806272, '2026-04-29 13:16:52'),
(181, 4, 45.548294045043, 10.204317162573, '2026-04-29 13:16:52'),
(182, 5, 45.558510503808, 10.226813227776, '2026-04-29 13:16:52'),
(183, 6, 45.552732784356, 10.216397178125, '2026-04-29 13:16:52'),
(184, 2, 45.528549418888, 10.217403540057, '2026-04-29 13:16:54'),
(185, 3, 45.554756853066, 10.222480268968, '2026-04-29 13:16:54'),
(186, 4, 45.548118732885, 10.204413420805, '2026-04-29 13:16:54'),
(187, 5, 45.558398332052, 10.226713641144, '2026-04-29 13:16:54'),
(188, 6, 45.552683712207, 10.216203291756, '2026-04-29 13:16:54'),
(189, 2, 45.528733194654, 10.217324632087, '2026-04-29 13:16:56'),
(190, 3, 45.554640394068, 10.222385731664, '2026-04-29 13:16:56'),
(191, 4, 45.547943420727, 10.204509679037, '2026-04-29 13:16:56'),
(192, 5, 45.558286160296, 10.226614054512, '2026-04-29 13:16:56'),
(193, 6, 45.552634640058, 10.216009405387, '2026-04-29 13:16:56'),
(194, 2, 45.52891697042, 10.217245724117, '2026-04-29 13:16:58'),
(195, 3, 45.55452393507, 10.22229119436, '2026-04-29 13:16:58'),
(196, 4, 45.547768108569, 10.204605937269, '2026-04-29 13:16:58'),
(197, 5, 45.55817398854, 10.22651446788, '2026-04-29 13:16:58'),
(198, 6, 45.552585567909, 10.215815519018, '2026-04-29 13:16:58'),
(199, 2, 45.529100746186, 10.217166816147, '2026-04-29 13:17:00'),
(200, 3, 45.554407476072, 10.222196657056, '2026-04-29 13:17:00'),
(201, 4, 45.547592796411, 10.204702195501, '2026-04-29 13:17:00'),
(202, 5, 45.558061816784, 10.226414881248, '2026-04-29 13:17:00'),
(203, 6, 45.55253649576, 10.215621632649, '2026-04-29 13:17:00'),
(204, 2, 45.529284521952, 10.217087908177, '2026-04-29 13:17:02'),
(205, 3, 45.554291017074, 10.222102119752, '2026-04-29 13:17:02'),
(206, 4, 45.547417484253, 10.204798453733, '2026-04-29 13:17:02'),
(207, 5, 45.557949645028, 10.226315294616, '2026-04-29 13:17:02'),
(208, 6, 45.552487423611, 10.21542774628, '2026-04-29 13:17:02'),
(209, 2, 45.529468297718, 10.217009000207, '2026-04-29 13:17:04'),
(210, 3, 45.554174558076, 10.222007582448, '2026-04-29 13:17:04'),
(211, 4, 45.547242172095, 10.204894711965, '2026-04-29 13:17:04'),
(212, 5, 45.557837473272, 10.226215707984, '2026-04-29 13:17:04'),
(213, 6, 45.552438351462, 10.215233859911, '2026-04-29 13:17:04'),
(214, 2, 45.529652073484, 10.216930092237, '2026-04-29 13:17:06'),
(215, 3, 45.554058099078, 10.221913045144, '2026-04-29 13:17:06'),
(216, 4, 45.547066859937, 10.204990970197, '2026-04-29 13:17:06'),
(217, 5, 45.557725301516, 10.226116121352, '2026-04-29 13:17:06'),
(218, 6, 45.552389279313, 10.215039973542, '2026-04-29 13:17:06'),
(219, 2, 45.52983584925, 10.216851184267, '2026-04-29 13:17:08'),
(220, 3, 45.55394164008, 10.22181850784, '2026-04-29 13:17:08'),
(221, 4, 45.546891547779, 10.205087228429, '2026-04-29 13:17:08'),
(222, 5, 45.55761312976, 10.22601653472, '2026-04-29 13:17:08'),
(223, 6, 45.552340207164, 10.214846087173, '2026-04-29 13:17:08'),
(224, 2, 45.530019625016, 10.216772276297, '2026-04-29 13:17:10'),
(225, 3, 45.553825181082, 10.221723970536, '2026-04-29 13:17:10'),
(226, 4, 45.546716235621, 10.205183486661, '2026-04-29 13:17:10'),
(227, 5, 45.557500958004, 10.225916948088, '2026-04-29 13:17:10'),
(228, 6, 45.552291135015, 10.214652200804, '2026-04-29 13:17:10'),
(229, 2, 45.530203400782, 10.216693368327, '2026-04-29 13:17:12'),
(230, 3, 45.553708722084, 10.221629433232, '2026-04-29 13:17:12'),
(231, 4, 45.546540923463, 10.205279744893, '2026-04-29 13:17:12'),
(232, 5, 45.557388786248, 10.225817361456, '2026-04-29 13:17:12'),
(233, 6, 45.552242062866, 10.214458314435, '2026-04-29 13:17:12'),
(234, 2, 45.530387176548, 10.216614460357, '2026-04-29 13:17:14'),
(235, 3, 45.553592263086, 10.221534895928, '2026-04-29 13:17:14'),
(236, 4, 45.546365611305, 10.205376003125, '2026-04-29 13:17:14'),
(237, 5, 45.557276614492, 10.225717774824, '2026-04-29 13:17:14'),
(238, 6, 45.552192990717, 10.214264428066, '2026-04-29 13:17:14'),
(239, 3, 45.553475804088, 10.221440358624, '2026-04-29 13:17:16'),
(240, 4, 45.546190299147, 10.205472261357, '2026-04-29 13:17:16'),
(241, 5, 45.557164442736, 10.225618188192, '2026-04-29 13:17:16'),
(242, 6, 45.552143918568, 10.214070541697, '2026-04-29 13:17:16'),
(243, 3, 45.55335934509, 10.22134582132, '2026-04-29 13:17:18'),
(244, 4, 45.546014986989, 10.205568519589, '2026-04-29 13:17:18'),
(245, 5, 45.55705227098, 10.22551860156, '2026-04-29 13:17:18'),
(246, 6, 45.552094846419, 10.213876655328, '2026-04-29 13:17:18'),
(247, 3, 45.553242886092, 10.221251284016, '2026-04-29 13:17:20'),
(248, 4, 45.545839674831, 10.205664777821, '2026-04-29 13:17:20'),
(249, 5, 45.556940099224, 10.225419014928, '2026-04-29 13:17:20'),
(250, 6, 45.55204577427, 10.213682768959, '2026-04-29 13:17:20'),
(251, 3, 45.553126427094, 10.221156746712, '2026-04-29 13:17:22'),
(252, 4, 45.545664362673, 10.205761036053, '2026-04-29 13:17:22'),
(253, 5, 45.556827927468, 10.225319428296, '2026-04-29 13:17:22'),
(254, 6, 45.551996702121, 10.21348888259, '2026-04-29 13:17:22'),
(255, 2, 45.530570952314, 10.216535552387, '2026-04-29 13:17:24'),
(256, 3, 45.553009968096, 10.221062209408, '2026-04-29 13:17:24'),
(257, 4, 45.545489050515, 10.205857294285, '2026-04-29 13:17:24'),
(258, 5, 45.556715755712, 10.225219841664, '2026-04-29 13:17:24'),
(259, 6, 45.551947629972, 10.213294996221, '2026-04-29 13:17:24'),
(260, 2, 45.53075472808, 10.216456644417, '2026-04-29 13:17:26'),
(261, 3, 45.552893509098, 10.220967672104, '2026-04-29 13:17:26'),
(262, 4, 45.545313738357, 10.205953552517, '2026-04-29 13:17:26'),
(263, 5, 45.556603583956, 10.225120255032, '2026-04-29 13:17:26'),
(264, 6, 45.551898557823, 10.213101109852, '2026-04-29 13:17:26'),
(265, 2, 45.530938503846, 10.216377736447, '2026-04-29 13:17:28'),
(266, 3, 45.5527770501, 10.2208731348, '2026-04-29 13:17:28'),
(267, 5, 45.5564914122, 10.2250206684, '2026-04-29 13:17:28'),
(268, 6, 45.551849485674, 10.212907223483, '2026-04-29 13:17:28'),
(269, 2, 45.531122279612, 10.216298828477, '2026-04-29 13:17:30'),
(270, 3, 45.552660591102, 10.220778597496, '2026-04-29 13:17:30'),
(271, 5, 45.556379240444, 10.224921081768, '2026-04-29 13:17:30'),
(272, 6, 45.551800413525, 10.212713337114, '2026-04-29 13:17:30'),
(273, 2, 45.531306055378, 10.216219920507, '2026-04-29 13:17:32'),
(274, 3, 45.552544132104, 10.220684060192, '2026-04-29 13:17:32'),
(275, 5, 45.556267068688, 10.224821495136, '2026-04-29 13:17:32'),
(276, 6, 45.551751341376, 10.212519450745, '2026-04-29 13:17:32'),
(277, 2, 45.531489831144, 10.216141012537, '2026-04-29 13:17:34'),
(278, 3, 45.552427673106, 10.220589522888, '2026-04-29 13:17:34'),
(279, 5, 45.556154896932, 10.224721908504, '2026-04-29 13:17:34'),
(280, 6, 45.551702269227, 10.212325564376, '2026-04-29 13:17:34'),
(281, 2, 45.53167360691, 10.216062104567, '2026-04-29 13:17:36'),
(282, 3, 45.552311214108, 10.220494985584, '2026-04-29 13:17:36'),
(283, 5, 45.556042725176, 10.224622321872, '2026-04-29 13:17:36'),
(284, 6, 45.551653197078, 10.212131678007, '2026-04-29 13:17:36'),
(285, 1, 45.5416, 10.2118, '2026-04-29 13:17:38'),
(286, 2, 45.531857382676, 10.215983196597, '2026-04-29 13:17:38'),
(287, 3, 45.55219475511, 10.22040044828, '2026-04-29 13:17:38'),
(288, 5, 45.55593055342, 10.22452273524, '2026-04-29 13:17:38'),
(289, 1, 45.5416, 10.2118, '2026-04-29 13:17:40'),
(290, 2, 45.532041158442, 10.215904288627, '2026-04-29 13:17:40'),
(291, 3, 45.552078296112, 10.220305910976, '2026-04-29 13:17:40'),
(292, 5, 45.555818381664, 10.224423148608, '2026-04-29 13:17:40'),
(293, 1, 45.5416, 10.2118, '2026-04-29 13:17:42'),
(294, 2, 45.532224934208, 10.215825380657, '2026-04-29 13:17:42'),
(295, 5, 45.555706209908, 10.224323561976, '2026-04-29 13:17:42'),
(296, 6, 45.551604124929, 10.211937791638, '2026-04-29 13:17:42'),
(297, 1, 45.5416, 10.2118, '2026-04-29 13:17:44'),
(298, 2, 45.532408709974, 10.215746472687, '2026-04-29 13:17:44'),
(299, 3, 45.551961837114, 10.220211373672, '2026-04-29 13:17:44'),
(300, 5, 45.555594038152, 10.224223975344, '2026-04-29 13:17:44'),
(301, 6, 45.55155505278, 10.211743905269, '2026-04-29 13:17:44'),
(302, 1, 45.5416, 10.2118, '2026-04-29 13:17:46'),
(303, 2, 45.53259248574, 10.215667564717, '2026-04-29 13:17:46'),
(304, 3, 45.551845378116, 10.220116836368, '2026-04-29 13:17:46'),
(305, 5, 45.555481866396, 10.224124388712, '2026-04-29 13:17:46'),
(306, 6, 45.551505980631, 10.2115500189, '2026-04-29 13:17:46'),
(307, 1, 45.5416, 10.2118, '2026-04-29 13:17:48'),
(308, 2, 45.532776261506, 10.215588656747, '2026-04-29 13:17:48'),
(309, 3, 45.551728919118, 10.220022299064, '2026-04-29 13:17:48'),
(310, 5, 45.55536969464, 10.22402480208, '2026-04-29 13:17:48'),
(311, 6, 45.551456908482, 10.211356132531, '2026-04-29 13:17:48'),
(312, 1, 45.5416, 10.2118, '2026-04-29 13:17:50'),
(313, 2, 45.532960037272, 10.215509748777, '2026-04-29 13:17:50'),
(314, 3, 45.55161246012, 10.21992776176, '2026-04-29 13:17:50'),
(315, 5, 45.555257522884, 10.223925215448, '2026-04-29 13:17:50'),
(316, 6, 45.551407836333, 10.211162246162, '2026-04-29 13:17:50'),
(317, 1, 45.5416, 10.2118, '2026-04-29 13:17:52'),
(318, 2, 45.533143813038, 10.215430840807, '2026-04-29 13:17:52'),
(319, 3, 45.551496001122, 10.219833224456, '2026-04-29 13:17:52'),
(320, 5, 45.555145351128, 10.223825628816, '2026-04-29 13:17:52'),
(321, 6, 45.551358764184, 10.210968359793, '2026-04-29 13:17:52'),
(322, 1, 45.5416, 10.2118, '2026-04-29 13:17:54'),
(323, 2, 45.533327588804, 10.215351932837, '2026-04-29 13:17:54'),
(324, 3, 45.551379542124, 10.219738687152, '2026-04-29 13:17:54'),
(325, 6, 45.551309692035, 10.210774473424, '2026-04-29 13:17:54'),
(326, 1, 45.5416, 10.2118, '2026-04-29 13:17:56'),
(327, 2, 45.53351136457, 10.215273024867, '2026-04-29 13:17:56'),
(328, 3, 45.551263083126, 10.219644149848, '2026-04-29 13:17:56'),
(329, 6, 45.551260619886, 10.210580587055, '2026-04-29 13:17:56'),
(330, 1, 45.5416, 10.2118, '2026-04-29 13:17:58'),
(331, 2, 45.533695140336, 10.215194116897, '2026-04-29 13:17:58'),
(332, 3, 45.551146624128, 10.219549612544, '2026-04-29 13:17:58'),
(333, 6, 45.551211547737, 10.210386700686, '2026-04-29 13:17:58'),
(334, 1, 45.5416, 10.2118, '2026-04-29 13:18:00'),
(335, 2, 45.533878916102, 10.215115208927, '2026-04-29 13:18:00'),
(336, 3, 45.55103016513, 10.21945507524, '2026-04-29 13:18:00'),
(337, 6, 45.551162475588, 10.210192814317, '2026-04-29 13:18:00'),
(338, 1, 45.5416, 10.2118, '2026-04-29 13:18:02'),
(339, 2, 45.534062691868, 10.215036300957, '2026-04-29 13:18:02'),
(340, 3, 45.550913706132, 10.219360537936, '2026-04-29 13:18:02'),
(341, 6, 45.551113403439, 10.209998927948, '2026-04-29 13:18:02'),
(342, 1, 45.5416, 10.2118, '2026-04-29 13:18:04'),
(343, 2, 45.534246467634, 10.214957392987, '2026-04-29 13:18:04'),
(344, 3, 45.550797247134, 10.219266000632, '2026-04-29 13:18:04'),
(345, 6, 45.55106433129, 10.209805041579, '2026-04-29 13:18:04'),
(346, 1, 45.5416, 10.2118, '2026-04-29 13:18:06'),
(347, 2, 45.5344302434, 10.214878485017, '2026-04-29 13:18:06'),
(348, 3, 45.550680788136, 10.219171463328, '2026-04-29 13:18:06'),
(349, 6, 45.551015259141, 10.20961115521, '2026-04-29 13:18:06'),
(350, 1, 45.5416, 10.2118, '2026-04-29 13:18:08'),
(351, 2, 45.534614019166, 10.214799577046, '2026-04-29 13:18:08'),
(352, 3, 45.550564329138, 10.219076926024, '2026-04-29 13:18:08'),
(353, 6, 45.550966186992, 10.209417268841, '2026-04-29 13:18:08'),
(354, 1, 45.5416, 10.2118, '2026-04-29 13:18:10'),
(355, 2, 45.534797794932, 10.214720669076, '2026-04-29 13:18:10'),
(356, 3, 45.55044787014, 10.21898238872, '2026-04-29 13:18:10'),
(357, 6, 45.550917114843, 10.209223382472, '2026-04-29 13:18:10'),
(358, 1, 45.5416, 10.2118, '2026-04-29 13:18:12'),
(359, 2, 45.534981570698, 10.214641761105, '2026-04-29 13:18:12'),
(360, 3, 45.550331411142, 10.218887851416, '2026-04-29 13:18:12'),
(361, 6, 45.550868042694, 10.209029496103, '2026-04-29 13:18:12'),
(362, 1, 45.5416, 10.2118, '2026-04-29 13:18:14'),
(363, 2, 45.535165346464, 10.214562853135, '2026-04-29 13:18:14'),
(364, 3, 45.550214952144, 10.218793314112, '2026-04-29 13:18:14'),
(365, 6, 45.550818970545, 10.208835609734, '2026-04-29 13:18:14'),
(366, 1, 45.5416, 10.2118, '2026-04-29 13:18:16'),
(367, 2, 45.53534912223, 10.214483945164, '2026-04-29 13:18:16'),
(368, 3, 45.550098493146, 10.218698776808, '2026-04-29 13:18:16'),
(369, 6, 45.550769898396, 10.208641723365, '2026-04-29 13:18:16'),
(370, 1, 45.5416, 10.2118, '2026-04-29 13:18:18'),
(371, 2, 45.535532897996, 10.214405037194, '2026-04-29 13:18:18'),
(372, 3, 45.549982034148, 10.218604239504, '2026-04-29 13:18:18'),
(373, 5, 45.555033179372, 10.223726042184, '2026-04-29 13:18:18'),
(374, 6, 45.550720826247, 10.208447836996, '2026-04-29 13:18:18'),
(375, 1, 45.5416, 10.2118, '2026-04-29 13:18:20'),
(376, 2, 45.535716673762, 10.214326129224, '2026-04-29 13:18:20'),
(377, 3, 45.54986557515, 10.2185097022, '2026-04-29 13:18:20'),
(378, 5, 45.554921007616, 10.223626455552, '2026-04-29 13:18:20'),
(379, 6, 45.550671754098, 10.208253950627, '2026-04-29 13:18:20'),
(380, 1, 45.5416, 10.2118, '2026-04-29 13:18:22'),
(381, 2, 45.535900449528, 10.214247221253, '2026-04-29 13:18:22'),
(382, 3, 45.549749116152, 10.218415164896, '2026-04-29 13:18:22'),
(383, 5, 45.55480883586, 10.22352686892, '2026-04-29 13:18:22'),
(384, 6, 45.550622681949, 10.208060064258, '2026-04-29 13:18:22'),
(385, 1, 45.5416, 10.2118, '2026-04-29 13:18:24'),
(386, 2, 45.536084225294, 10.214168313283, '2026-04-29 13:18:24'),
(387, 3, 45.549632657154, 10.218320627592, '2026-04-29 13:18:24'),
(388, 5, 45.554696664104, 10.223427282288, '2026-04-29 13:18:24'),
(389, 6, 45.5505736098, 10.207866177889, '2026-04-29 13:18:24'),
(390, 1, 45.5416, 10.2118, '2026-04-29 13:18:26'),
(391, 2, 45.53626800106, 10.214089405312, '2026-04-29 13:18:26'),
(392, 3, 45.549516198156, 10.218226090288, '2026-04-29 13:18:26'),
(393, 5, 45.554584492348, 10.223327695656, '2026-04-29 13:18:26'),
(394, 6, 45.550524537651, 10.20767229152, '2026-04-29 13:18:26'),
(395, 1, 45.5416, 10.2118, '2026-04-29 13:18:28'),
(396, 2, 45.536451776826, 10.214010497342, '2026-04-29 13:18:28'),
(397, 3, 45.549399739158, 10.218131552984, '2026-04-29 13:18:28'),
(398, 5, 45.554472320592, 10.223228109024, '2026-04-29 13:18:28'),
(399, 6, 45.550475465502, 10.207478405151, '2026-04-29 13:18:28'),
(400, 1, 45.5416, 10.2118, '2026-04-29 13:18:30'),
(401, 3, 45.54928328016, 10.21803701568, '2026-04-29 13:18:30'),
(402, 5, 45.554360148836, 10.223128522392, '2026-04-29 13:18:30'),
(403, 6, 45.550426393353, 10.207284518782, '2026-04-29 13:18:30'),
(404, 1, 45.5416, 10.2118, '2026-04-29 13:18:32'),
(405, 3, 45.549166821162, 10.217942478376, '2026-04-29 13:18:32'),
(406, 5, 45.55424797708, 10.22302893576, '2026-04-29 13:18:32'),
(407, 6, 45.550377321204, 10.207090632413, '2026-04-29 13:18:32'),
(408, 1, 45.5416, 10.2118, '2026-04-29 13:18:34'),
(409, 3, 45.549050362164, 10.217847941072, '2026-04-29 13:18:34'),
(410, 5, 45.554135805324, 10.222929349128, '2026-04-29 13:18:34'),
(411, 6, 45.550328249055, 10.206896746044, '2026-04-29 13:18:34'),
(412, 3, 45.548933903166, 10.217753403768, '2026-04-29 13:18:36'),
(413, 5, 45.554023633568, 10.222829762496, '2026-04-29 13:18:36'),
(414, 6, 45.550279176906, 10.206702859675, '2026-04-29 13:18:36'),
(415, 3, 45.548817444168, 10.217658866464, '2026-04-29 13:18:38'),
(416, 5, 45.553911461812, 10.222730175864, '2026-04-29 13:18:38'),
(417, 6, 45.550230104757, 10.206508973306, '2026-04-29 13:18:38'),
(418, 3, 45.54870098517, 10.21756432916, '2026-04-29 13:18:40'),
(419, 5, 45.553799290056, 10.222630589232, '2026-04-29 13:18:40'),
(420, 6, 45.550181032608, 10.206315086937, '2026-04-29 13:18:40'),
(421, 3, 45.548584526172, 10.217469791856, '2026-04-29 13:18:42'),
(422, 5, 45.5536871183, 10.2225310026, '2026-04-29 13:18:42'),
(423, 6, 45.550131960459, 10.206121200568, '2026-04-29 13:18:42'),
(424, 3, 45.548468067174, 10.217375254552, '2026-04-29 13:18:44'),
(425, 5, 45.553574946544, 10.222431415968, '2026-04-29 13:18:44'),
(426, 6, 45.55008288831, 10.205927314199, '2026-04-29 13:18:44'),
(427, 3, 45.548351608176, 10.217280717248, '2026-04-29 13:18:46'),
(428, 5, 45.553462774788, 10.222331829336, '2026-04-29 13:18:46'),
(429, 6, 45.550033816161, 10.20573342783, '2026-04-29 13:18:46'),
(430, 3, 45.548235149178, 10.217186179944, '2026-04-29 13:18:48'),
(431, 5, 45.553350603032, 10.222232242704, '2026-04-29 13:18:48'),
(432, 3, 45.54811869018, 10.21709164264, '2026-04-29 13:18:50'),
(433, 5, 45.553238431276, 10.222132656072, '2026-04-29 13:18:50'),
(434, 3, 45.548002231182, 10.216997105336, '2026-04-29 13:18:52'),
(435, 5, 45.55312625952, 10.22203306944, '2026-04-29 13:18:52'),
(436, 3, 45.547885772184, 10.216902568032, '2026-04-29 13:18:54'),
(437, 5, 45.553014087764, 10.221933482808, '2026-04-29 13:18:54'),
(438, 3, 45.547769313187, 10.216808030728, '2026-04-29 13:18:56'),
(439, 5, 45.552901916008, 10.221833896176, '2026-04-29 13:18:56'),
(440, 3, 45.54765285419, 10.216713493424, '2026-04-29 13:18:58'),
(441, 5, 45.552789744252, 10.221734309544, '2026-04-29 13:18:58'),
(442, 3, 45.547536395193, 10.21661895612, '2026-04-29 13:19:00'),
(443, 5, 45.552677572496, 10.221634722912, '2026-04-29 13:19:00'),
(444, 6, 45.549984744012, 10.205539541461, '2026-04-29 13:19:00'),
(445, 3, 45.547419936196, 10.216524418816, '2026-04-29 13:19:02'),
(446, 5, 45.55256540074, 10.22153513628, '2026-04-29 13:19:02'),
(447, 6, 45.549935671863, 10.205345655092, '2026-04-29 13:19:02'),
(448, 5, 45.552453228984, 10.221435549648, '2026-04-29 13:19:04'),
(449, 6, 45.549886599714, 10.205151768723, '2026-04-29 13:19:04'),
(450, 5, 45.552341057228, 10.221335963016, '2026-04-29 13:19:06'),
(451, 6, 45.549837527565, 10.204957882354, '2026-04-29 13:19:06'),
(452, 5, 45.552228885472, 10.221236376384, '2026-04-29 13:19:08'),
(453, 6, 45.549788455416, 10.204763995985, '2026-04-29 13:19:08'),
(454, 5, 45.552116713716, 10.221136789752, '2026-04-29 13:19:10'),
(455, 6, 45.549739383267, 10.204570109616, '2026-04-29 13:19:10'),
(456, 5, 45.55200454196, 10.22103720312, '2026-04-29 13:19:12'),
(457, 6, 45.549690311118, 10.204376223247, '2026-04-29 13:19:12'),
(458, 5, 45.551892370204, 10.220937616488, '2026-04-29 13:19:14'),
(459, 6, 45.549641238969, 10.204182336878, '2026-04-29 13:19:14'),
(460, 5, 45.551780198448, 10.220838029856, '2026-04-29 13:19:16'),
(461, 6, 45.54959216682, 10.203988450509, '2026-04-29 13:19:16'),
(462, 5, 45.551668026692, 10.220738443224, '2026-04-29 13:19:18'),
(463, 6, 45.549543094671, 10.20379456414, '2026-04-29 13:19:18'),
(464, 2, 45.536635552592, 10.213931589371, '2026-04-29 13:19:20'),
(465, 5, 45.551555854936, 10.220638856592, '2026-04-29 13:19:20'),
(466, 6, 45.549494022522, 10.203600677771, '2026-04-29 13:19:20'),
(467, 2, 45.536819328358, 10.213852681401, '2026-04-29 13:19:22'),
(468, 5, 45.55144368318, 10.22053926996, '2026-04-29 13:19:22'),
(469, 6, 45.549444950373, 10.203406791402, '2026-04-29 13:19:22'),
(470, 2, 45.537003104124, 10.21377377343, '2026-04-29 13:19:30'),
(471, 5, 45.551331511424, 10.220439683328, '2026-04-29 13:19:30'),
(472, 6, 45.549395878224, 10.203212905033, '2026-04-29 13:19:30'),
(473, 2, 45.53718687989, 10.21369486546, '2026-04-29 13:19:32'),
(474, 5, 45.551219339668, 10.220340096696, '2026-04-29 13:19:32'),
(475, 6, 45.549346806076, 10.203019018664, '2026-04-29 13:19:32'),
(476, 2, 45.537370655656, 10.213615957489, '2026-04-29 13:19:34'),
(477, 5, 45.551107167912, 10.220240510064, '2026-04-29 13:19:34'),
(478, 6, 45.549297733928, 10.202825132295, '2026-04-29 13:19:34'),
(479, 2, 45.537554431422, 10.213537049519, '2026-04-29 13:19:36'),
(480, 5, 45.550994996156, 10.220140923432, '2026-04-29 13:19:36'),
(481, 6, 45.549248661779, 10.202631245926, '2026-04-29 13:19:36'),
(482, 1, 45.5416, 10.2118, '2026-04-29 13:19:38'),
(483, 2, 45.537738207188, 10.213458141548, '2026-04-29 13:19:38'),
(484, 5, 45.5508828244, 10.2200413368, '2026-04-29 13:19:38'),
(485, 6, 45.54919958963, 10.202437359557, '2026-04-29 13:19:38'),
(486, 1, 45.5416, 10.2118, '2026-04-29 13:19:40'),
(487, 2, 45.537921982954, 10.213379233578, '2026-04-29 13:19:40'),
(488, 6, 45.549150517482, 10.202243473188, '2026-04-29 13:19:40'),
(489, 1, 45.5416, 10.2118, '2026-04-29 13:19:42'),
(490, 2, 45.53810575872, 10.213300325607, '2026-04-29 13:19:42'),
(491, 6, 45.549101445334, 10.202049586819, '2026-04-29 13:19:42'),
(492, 1, 45.5416, 10.2118, '2026-04-29 13:19:44'),
(493, 2, 45.538289534486, 10.213221417637, '2026-04-29 13:19:44'),
(494, 6, 45.549052373186, 10.20185570045, '2026-04-29 13:19:44'),
(495, 1, 45.5416, 10.2118, '2026-04-29 13:19:46'),
(496, 2, 45.538473310252, 10.213142509666, '2026-04-29 13:19:46'),
(497, 6, 45.549003301037, 10.201661814081, '2026-04-29 13:19:46'),
(498, 1, 45.5416, 10.2118, '2026-04-29 13:19:48'),
(499, 2, 45.538657086018, 10.213063601696, '2026-04-29 13:19:48'),
(500, 6, 45.548954228888, 10.201467927712, '2026-04-29 13:19:48'),
(501, 1, 45.5416, 10.2118, '2026-04-29 13:19:50'),
(502, 2, 45.538840861784, 10.212984693725, '2026-04-29 13:19:50'),
(503, 6, 45.54890515674, 10.201274041343, '2026-04-29 13:19:50'),
(504, 1, 45.5416, 10.2118, '2026-04-29 13:19:52'),
(505, 2, 45.53902463755, 10.212905785755, '2026-04-29 13:19:52'),
(506, 6, 45.548856084592, 10.201080154974, '2026-04-29 13:19:52'),
(507, 1, 45.5416, 10.2118, '2026-04-29 13:19:54'),
(508, 2, 45.539208413316, 10.212826877785, '2026-04-29 13:19:54'),
(509, 6, 45.548807012444, 10.200886268605, '2026-04-29 13:19:54'),
(510, 1, 45.5416, 10.2118, '2026-04-29 13:19:56'),
(511, 2, 45.539392189082, 10.212747969814, '2026-04-29 13:19:56'),
(512, 6, 45.548757940295, 10.200692382236, '2026-04-29 13:19:56'),
(513, 1, 45.5416, 10.2118, '2026-04-29 13:19:58'),
(514, 2, 45.539575964848, 10.212669061844, '2026-04-29 13:19:58'),
(515, 6, 45.548708868146, 10.200498495867, '2026-04-29 13:19:58'),
(516, 1, 45.5416, 10.2118, '2026-04-29 13:20:00'),
(517, 2, 45.539759740614, 10.212590153873, '2026-04-29 13:20:00'),
(518, 4, 45.545138426199, 10.206049810749, '2026-04-29 13:20:00'),
(519, 6, 45.548659795998, 10.200304609498, '2026-04-29 13:20:00'),
(520, 1, 45.5416, 10.2118, '2026-04-29 13:20:02'),
(521, 2, 45.53994351638, 10.212511245903, '2026-04-29 13:20:02'),
(522, 4, 45.544963114041, 10.206146068981, '2026-04-29 13:20:02'),
(523, 6, 45.54861072385, 10.200110723129, '2026-04-29 13:20:02'),
(524, 1, 45.5416, 10.2118, '2026-04-29 13:20:04'),
(525, 2, 45.540127292146, 10.212432337932, '2026-04-29 13:20:04'),
(526, 4, 45.544787801883, 10.206242327213, '2026-04-29 13:20:04'),
(527, 6, 45.548561651701, 10.19991683676, '2026-04-29 13:20:04'),
(528, 1, 45.5416, 10.2118, '2026-04-29 13:20:06'),
(529, 2, 45.540311067912, 10.212353429962, '2026-04-29 13:20:06'),
(530, 4, 45.544612489725, 10.206338585445, '2026-04-29 13:20:06'),
(531, 6, 45.548512579553, 10.199722950391, '2026-04-29 13:20:06'),
(532, 1, 45.5416, 10.2118, '2026-04-29 13:20:08'),
(533, 2, 45.540494843678, 10.212274521991, '2026-04-29 13:20:08'),
(534, 4, 45.544437177567, 10.206434843677, '2026-04-29 13:20:08'),
(535, 6, 45.548463507405, 10.199529064022, '2026-04-29 13:20:08'),
(536, 1, 45.5416, 10.2118, '2026-04-29 13:20:10'),
(537, 2, 45.540678619444, 10.212195614021, '2026-04-29 13:20:10'),
(538, 4, 45.544261865409, 10.206531101909, '2026-04-29 13:20:10'),
(539, 6, 45.548414435256, 10.199335177653, '2026-04-29 13:20:10'),
(540, 1, 45.5416, 10.2118, '2026-04-29 13:20:12'),
(541, 2, 45.54086239521, 10.21211670605, '2026-04-29 13:20:12'),
(542, 3, 45.547303477199, 10.216429881512, '2026-04-29 13:20:12'),
(543, 4, 45.544086553251, 10.206627360141, '2026-04-29 13:20:12'),
(544, 6, 45.548365363108, 10.199141291284, '2026-04-29 13:20:12'),
(545, 1, 45.5416, 10.2118, '2026-04-29 13:20:14'),
(546, 2, 45.541046170976, 10.21203779808, '2026-04-29 13:20:14'),
(547, 3, 45.547187018201, 10.216335344208, '2026-04-29 13:20:14'),
(548, 4, 45.543911241093, 10.206723618373, '2026-04-29 13:20:14'),
(549, 6, 45.548316290959, 10.198947404915, '2026-04-29 13:20:14'),
(550, 1, 45.5416, 10.2118, '2026-04-29 13:20:21'),
(551, 2, 45.541229946742, 10.211958890109, '2026-04-29 13:20:21'),
(552, 3, 45.547070559204, 10.216240806904, '2026-04-29 13:20:21'),
(553, 4, 45.543735928935, 10.206819876605, '2026-04-29 13:20:21'),
(554, 6, 45.548267218811, 10.198753518546, '2026-04-29 13:20:21'),
(555, 1, 45.5416, 10.2118, '2026-04-29 13:20:23'),
(556, 2, 45.541413722508, 10.211879982139, '2026-04-29 13:20:23'),
(557, 3, 45.546954100207, 10.2161462696, '2026-04-29 13:20:23'),
(558, 4, 45.543560616777, 10.206916134837, '2026-04-29 13:20:23'),
(559, 6, 45.548218146663, 10.198559632177, '2026-04-29 13:20:23'),
(560, 1, 45.5416, 10.2118, '2026-04-29 13:20:25'),
(561, 2, 45.5416, 10.2118, '2026-04-29 13:20:25'),
(562, 3, 45.54683764121, 10.216051732296, '2026-04-29 13:20:25'),
(563, 4, 45.543385304619, 10.207012393069, '2026-04-29 13:20:25'),
(564, 6, 45.548169074514, 10.198365745808, '2026-04-29 13:20:25'),
(565, 1, 45.5416, 10.2118, '2026-04-29 13:20:30'),
(566, 2, 45.5416, 10.2118, '2026-04-29 13:20:30'),
(567, 3, 45.546721182213, 10.215957194992, '2026-04-29 13:20:30'),
(568, 4, 45.543209992461, 10.207108651301, '2026-04-29 13:20:30'),
(569, 6, 45.548120002366, 10.198171859439, '2026-04-29 13:20:30'),
(570, 1, 45.5416, 10.2118, '2026-04-29 13:20:32'),
(571, 2, 45.5416, 10.2118, '2026-04-29 13:20:32'),
(572, 3, 45.546604723216, 10.215862657688, '2026-04-29 13:20:32'),
(573, 4, 45.543034680303, 10.207204909533, '2026-04-29 13:20:32'),
(574, 6, 45.548070930217, 10.19797797307, '2026-04-29 13:20:32'),
(575, 2, 45.5416, 10.2118, '2026-04-29 13:20:34'),
(576, 3, 45.546488264218, 10.215768120384, '2026-04-29 13:20:34'),
(577, 4, 45.542859368145, 10.207301167765, '2026-04-29 13:20:34'),
(578, 5, 45.550770652644, 10.219941750168, '2026-04-29 13:20:34'),
(579, 6, 45.548021858069, 10.197784086701, '2026-04-29 13:20:34'),
(580, 2, 45.5416, 10.2118, '2026-04-29 13:37:04'),
(581, 3, 45.546371805221, 10.21567358308, '2026-04-29 13:37:04'),
(582, 4, 45.542684055987, 10.207397425997, '2026-04-29 13:37:04'),
(583, 5, 45.550658480888, 10.219842163536, '2026-04-29 13:37:04'),
(584, 6, 45.547972785921, 10.197590200332, '2026-04-29 13:37:04'),
(585, 2, 45.5416, 10.2118, '2026-04-29 13:37:06'),
(586, 3, 45.546255346224, 10.215579045776, '2026-04-29 13:37:06'),
(587, 4, 45.542508743829, 10.207493684229, '2026-04-29 13:37:06'),
(588, 5, 45.550546309132, 10.219742576904, '2026-04-29 13:37:06'),
(589, 2, 45.5416, 10.2118, '2026-04-29 13:37:08'),
(590, 3, 45.546138887227, 10.215484508472, '2026-04-29 13:37:08'),
(591, 4, 45.542333431671, 10.207589942461, '2026-04-29 13:37:08'),
(592, 5, 45.550434137376, 10.219642990272, '2026-04-29 13:37:08'),
(593, 6, 45.547923713772, 10.197396313963, '2026-04-29 13:37:08'),
(594, 2, 45.5416, 10.2118, '2026-04-29 13:37:10'),
(595, 3, 45.54602242823, 10.215389971168, '2026-04-29 13:37:10'),
(596, 4, 45.542158119513, 10.207686200693, '2026-04-29 13:37:10'),
(597, 5, 45.55032196562, 10.21954340364, '2026-04-29 13:37:10'),
(598, 6, 45.547874641624, 10.197202427594, '2026-04-29 13:37:10'),
(599, 2, 45.5416, 10.2118, '2026-04-29 13:37:20'),
(600, 3, 45.545905969233, 10.215295433864, '2026-04-29 13:37:20'),
(601, 4, 45.541982807355, 10.207782458925, '2026-04-29 13:37:20'),
(602, 5, 45.550209793864, 10.219443817008, '2026-04-29 13:37:20'),
(603, 6, 45.547825569475, 10.197008541225, '2026-04-29 13:37:20'),
(604, 2, 45.5416, 10.2118, '2026-04-29 13:37:22'),
(605, 3, 45.545789510236, 10.21520089656, '2026-04-29 13:37:22'),
(606, 4, 45.541807495197, 10.207878717157, '2026-04-29 13:37:22'),
(607, 5, 45.550097622108, 10.219344230376, '2026-04-29 13:37:22'),
(608, 6, 45.547776497327, 10.196814654856, '2026-04-29 13:37:22'),
(609, 2, 45.5416, 10.2118, '2026-04-29 13:37:24'),
(610, 3, 45.545673051238, 10.215106359256, '2026-04-29 13:37:24'),
(611, 4, 45.541632183039, 10.207974975389, '2026-04-29 13:37:24'),
(612, 5, 45.549985450352, 10.219244643744, '2026-04-29 13:37:24'),
(613, 6, 45.547727425179, 10.196620768487, '2026-04-29 13:37:24'),
(614, 2, 45.5416, 10.2118, '2026-04-29 13:37:26'),
(615, 3, 45.545556592241, 10.215011821952, '2026-04-29 13:37:26'),
(616, 4, 45.541456870881, 10.208071233621, '2026-04-29 13:37:26'),
(617, 5, 45.549873278596, 10.219145057112, '2026-04-29 13:37:26'),
(618, 6, 45.54767835303, 10.196426882118, '2026-04-29 13:37:26'),
(619, 2, 45.5416, 10.2118, '2026-04-29 13:47:18'),
(620, 3, 45.545440133244, 10.214917284648, '2026-04-29 13:47:18'),
(621, 4, 45.541281558723, 10.208167491853, '2026-04-29 13:47:18'),
(622, 5, 45.54976110684, 10.21904547048, '2026-04-29 13:47:18'),
(623, 6, 45.547629280882, 10.196232995749, '2026-04-29 13:47:18'),
(624, 2, 45.5416, 10.2118, '2026-04-29 13:47:20'),
(625, 3, 45.545323674247, 10.214822747344, '2026-04-29 13:47:20'),
(626, 4, 45.541106246565, 10.208263750085, '2026-04-29 13:47:20'),
(627, 5, 45.549648935084, 10.218945883848, '2026-04-29 13:47:20'),
(628, 6, 45.547580208733, 10.19603910938, '2026-04-29 13:47:20'),
(629, 2, 45.5416, 10.2118, '2026-04-29 13:47:22'),
(630, 3, 45.54520721525, 10.21472821004, '2026-04-29 13:47:22'),
(631, 4, 45.540930934407, 10.208360008317, '2026-04-29 13:47:22'),
(632, 5, 45.549536763328, 10.218846297216, '2026-04-29 13:47:22'),
(633, 6, 45.547531136585, 10.195845223011, '2026-04-29 13:47:22'),
(634, 2, 45.5416, 10.2118, '2026-04-29 13:48:36'),
(635, 3, 45.545090756253, 10.214633672736, '2026-04-29 13:48:36'),
(636, 4, 45.540755622249, 10.208456266549, '2026-04-29 13:48:36'),
(637, 5, 45.549424591572, 10.218746710584, '2026-04-29 13:48:36'),
(638, 6, 45.547482064437, 10.195651336642, '2026-04-29 13:48:36'),
(639, 2, 45.5416, 10.2118, '2026-04-29 13:48:38'),
(640, 3, 45.544974297256, 10.214539135432, '2026-04-29 13:48:38'),
(641, 4, 45.540580310091, 10.208552524781, '2026-04-29 13:48:38'),
(642, 5, 45.549312419816, 10.218647123952, '2026-04-29 13:48:38'),
(643, 6, 45.547432992288, 10.195457450273, '2026-04-29 13:48:38'),
(644, 2, 45.5416, 10.2118, '2026-04-29 13:48:40'),
(645, 3, 45.544857838258, 10.214444598128, '2026-04-29 13:48:40'),
(646, 4, 45.540404997933, 10.208648783013, '2026-04-29 13:48:40'),
(647, 5, 45.54920024806, 10.21854753732, '2026-04-29 13:48:40'),
(648, 6, 45.54738392014, 10.195263563904, '2026-04-29 13:48:40'),
(649, 2, 45.5416, 10.2118, '2026-04-29 13:48:42'),
(650, 3, 45.544741379261, 10.214350060824, '2026-04-29 13:48:42'),
(651, 4, 45.540229685775, 10.208745041245, '2026-04-29 13:48:42'),
(652, 5, 45.549088076304, 10.218447950688, '2026-04-29 13:48:42'),
(653, 6, 45.547334847992, 10.195069677535, '2026-04-29 13:48:42'),
(654, 1, 45.5416, 10.2118, '2026-04-29 13:48:44'),
(655, 3, 45.544624920264, 10.21425552352, '2026-04-29 13:48:44'),
(656, 4, 45.540054373617, 10.208841299477, '2026-04-29 13:48:44'),
(657, 5, 45.548975904549, 10.218348364056, '2026-04-29 13:48:44'),
(658, 6, 45.547285775843, 10.194875791166, '2026-04-29 13:48:44'),
(659, 1, 45.5416, 10.2118, '2026-04-29 13:48:46'),
(660, 3, 45.544508461267, 10.214160986216, '2026-04-29 13:48:46'),
(661, 4, 45.539879061459, 10.208937557709, '2026-04-29 13:48:46'),
(662, 5, 45.548863732794, 10.218248777424, '2026-04-29 13:48:46'),
(663, 6, 45.547236703695, 10.194681904797, '2026-04-29 13:48:46'),
(664, 1, 45.5416, 10.2118, '2026-04-29 13:48:48'),
(665, 3, 45.54439200227, 10.214066448912, '2026-04-29 13:48:48'),
(666, 4, 45.539703749301, 10.209033815941, '2026-04-29 13:48:48'),
(667, 5, 45.548751561038, 10.218149190792, '2026-04-29 13:48:48'),
(668, 6, 45.547187631546, 10.194488018428, '2026-04-29 13:48:48'),
(669, 1, 45.5416, 10.2118, '2026-04-29 13:48:56'),
(670, 3, 45.544275543273, 10.213971911608, '2026-04-29 13:48:56'),
(671, 1, 45.5416, 10.2118, '2026-04-29 13:48:58'),
(672, 3, 45.544159084276, 10.213877374304, '2026-04-29 13:48:58'),
(673, 1, 45.5416, 10.2118, '2026-04-29 13:49:03'),
(674, 3, 45.544042625278, 10.213782837, '2026-04-29 13:49:03'),
(675, 1, 45.5416, 10.2118, '2026-04-29 13:49:05'),
(676, 3, 45.543926166281, 10.213688299696, '2026-04-29 13:49:05'),
(677, 1, 45.5416, 10.2118, '2026-04-29 13:49:09'),
(678, 3, 45.543809707284, 10.213593762392, '2026-04-29 13:49:09'),
(679, 1, 45.5416, 10.2118, '2026-04-29 13:49:20'),
(680, 3, 45.543693248287, 10.213499225088, '2026-04-29 13:49:20'),
(681, 1, 45.5416, 10.2118, '2026-04-29 13:49:22'),
(682, 3, 45.54357678929, 10.213404687784, '2026-04-29 13:49:22'),
(683, 1, 45.5416, 10.2118, '2026-04-29 13:49:24'),
(684, 3, 45.543460330293, 10.21331015048, '2026-04-29 13:49:24'),
(685, 1, 45.5416, 10.2118, '2026-04-29 13:49:26'),
(686, 3, 45.543343871295, 10.213215613176, '2026-04-29 13:49:26'),
(687, 1, 45.5416, 10.2118, '2026-04-29 13:49:28'),
(688, 3, 45.543227412298, 10.213121075872, '2026-04-29 13:49:28'),
(689, 1, 45.5416, 10.2118, '2026-04-29 13:49:30'),
(690, 1, 45.5416, 10.2118, '2026-04-29 13:49:32'),
(691, 1, 45.5416, 10.2118, '2026-04-29 13:49:34'),
(692, 1, 45.5416, 10.2118, '2026-04-29 13:49:36'),
(693, 3, 45.543110953301, 10.213026538568, '2026-04-29 13:49:36'),
(694, 1, 45.5416, 10.2118, '2026-04-29 13:49:38'),
(695, 2, 45.5416, 10.2118, '2026-04-29 13:49:38'),
(696, 3, 45.542994494304, 10.212932001264, '2026-04-29 13:49:38'),
(697, 1, 45.5416, 10.2118, '2026-04-29 13:49:40'),
(698, 2, 45.5416, 10.2118, '2026-04-29 13:49:40'),
(699, 3, 45.542878035307, 10.21283746396, '2026-04-29 13:49:40'),
(700, 1, 45.5416, 10.2118, '2026-04-29 13:49:42'),
(701, 2, 45.5416, 10.2118, '2026-04-29 13:49:42'),
(702, 3, 45.54276157631, 10.212742926656, '2026-04-29 13:49:42'),
(703, 1, 45.5416, 10.2118, '2026-04-29 13:49:44'),
(704, 2, 45.5416, 10.2118, '2026-04-29 13:49:44'),
(705, 3, 45.542645117313, 10.212648389352, '2026-04-29 13:49:44'),
(706, 1, 45.5416, 10.2118, '2026-04-29 13:49:46'),
(707, 2, 45.5416, 10.2118, '2026-04-29 13:49:46'),
(708, 3, 45.542528658315, 10.212553852048, '2026-04-29 13:49:46'),
(709, 1, 45.5416, 10.2118, '2026-04-29 13:49:48'),
(710, 2, 45.5416, 10.2118, '2026-04-29 13:49:48'),
(711, 3, 45.542412199318, 10.212459314744, '2026-04-29 13:49:48'),
(712, 1, 45.5416, 10.2118, '2026-04-29 13:49:50'),
(713, 2, 45.5416, 10.2118, '2026-04-29 13:49:50'),
(714, 3, 45.542295740321, 10.21236477744, '2026-04-29 13:49:50'),
(715, 1, 45.5416, 10.2118, '2026-04-29 13:49:52'),
(716, 2, 45.5416, 10.2118, '2026-04-29 13:49:52'),
(717, 3, 45.542179281324, 10.212270240136, '2026-04-29 13:49:52'),
(718, 1, 45.5416, 10.2118, '2026-04-29 13:49:54'),
(719, 2, 45.5416, 10.2118, '2026-04-29 13:49:54'),
(720, 3, 45.542062822327, 10.212175702832, '2026-04-29 13:49:54'),
(721, 1, 45.5416, 10.2118, '2026-04-29 13:49:56'),
(722, 2, 45.5416, 10.2118, '2026-04-29 13:49:56'),
(723, 3, 45.54194636333, 10.212081165528, '2026-04-29 13:49:56'),
(724, 1, 45.5416, 10.2118, '2026-04-29 13:49:58'),
(725, 2, 45.5416, 10.2118, '2026-04-29 13:49:58'),
(726, 3, 45.541829904333, 10.211986628224, '2026-04-29 13:49:58'),
(727, 1, 45.5416, 10.2118, '2026-04-29 13:50:00'),
(728, 2, 45.5416, 10.2118, '2026-04-29 13:50:00'),
(729, 3, 45.5416, 10.2118, '2026-04-29 13:50:00'),
(730, 1, 45.5416, 10.2118, '2026-04-29 13:50:02'),
(731, 2, 45.5416, 10.2118, '2026-04-29 13:50:02'),
(732, 3, 45.5416, 10.2118, '2026-04-29 13:50:02'),
(733, 1, 45.5416, 10.2118, '2026-04-29 13:50:04'),
(734, 2, 45.5416, 10.2118, '2026-04-29 13:50:04'),
(735, 3, 45.5416, 10.2118, '2026-04-29 13:50:04'),
(736, 1, 45.5416, 10.2118, '2026-04-29 13:50:13'),
(737, 2, 45.5416, 10.2118, '2026-04-29 13:50:13'),
(738, 3, 45.5416, 10.2118, '2026-04-29 13:50:13'),
(739, 1, 45.5416, 10.2118, '2026-04-29 13:50:21'),
(740, 2, 45.5416, 10.2118, '2026-04-29 13:50:21'),
(741, 3, 45.5416, 10.2118, '2026-04-29 13:50:21'),
(742, 1, 45.5416, 10.2118, '2026-04-29 13:50:23'),
(743, 2, 45.5416, 10.2118, '2026-04-29 13:50:23'),
(744, 3, 45.5416, 10.2118, '2026-04-29 13:50:23'),
(745, 2, 45.5416, 10.2118, '2026-04-29 13:50:25'),
(746, 3, 45.5416, 10.2118, '2026-04-29 13:50:25'),
(747, 2, 45.5416, 10.2118, '2026-04-29 13:50:30'),
(748, 3, 45.5416, 10.2118, '2026-04-29 13:50:30'),
(749, 2, 45.5416, 10.2118, '2026-04-29 13:50:35'),
(750, 3, 45.5416, 10.2118, '2026-04-29 13:50:35'),
(751, 2, 45.5416, 10.2118, '2026-04-29 13:50:37'),
(752, 3, 45.5416, 10.2118, '2026-04-29 13:50:37'),
(753, 2, 45.5416, 10.2118, '2026-04-29 13:50:52'),
(754, 3, 45.5416, 10.2118, '2026-04-29 13:50:52'),
(755, 4, 45.539528437143, 10.209130074173, '2026-04-29 13:50:52'),
(756, 5, 45.548639389283, 10.21804960416, '2026-04-29 13:50:52'),
(757, 6, 45.547138559398, 10.194294132059, '2026-04-29 13:50:52'),
(758, 2, 45.5416, 10.2118, '2026-04-29 13:50:54'),
(759, 3, 45.5416, 10.2118, '2026-04-29 13:50:54'),
(760, 4, 45.539353124985, 10.209226332405, '2026-04-29 13:50:54'),
(761, 5, 45.548527217527, 10.217950017528, '2026-04-29 13:50:54'),
(762, 6, 45.54708948725, 10.19410024569, '2026-04-29 13:50:54'),
(763, 2, 45.5416, 10.2118, '2026-04-29 13:50:56'),
(764, 3, 45.5416, 10.2118, '2026-04-29 13:50:56'),
(765, 4, 45.539177812827, 10.209322590637, '2026-04-29 13:50:56'),
(766, 5, 45.548415045772, 10.217850430896, '2026-04-29 13:50:56'),
(767, 6, 45.547040415101, 10.193906359321, '2026-04-29 13:50:56'),
(768, 2, 45.5416, 10.2118, '2026-04-29 13:50:58'),
(769, 3, 45.5416, 10.2118, '2026-04-29 13:50:58'),
(770, 4, 45.539002500669, 10.209418848869, '2026-04-29 13:50:58'),
(771, 5, 45.548302874016, 10.217750844264, '2026-04-29 13:50:58'),
(772, 6, 45.546991342953, 10.193712472952, '2026-04-29 13:50:58'),
(773, 2, 45.5416, 10.2118, '2026-04-29 13:51:00'),
(774, 3, 45.5416, 10.2118, '2026-04-29 13:51:00'),
(775, 4, 45.538827188511, 10.209515107101, '2026-04-29 13:51:00'),
(776, 5, 45.54819070226, 10.217651257632, '2026-04-29 13:51:00'),
(777, 6, 45.546942270804, 10.193518586583, '2026-04-29 13:51:00'),
(778, 2, 45.5416, 10.2118, '2026-04-29 13:51:02'),
(779, 3, 45.5416, 10.2118, '2026-04-29 13:51:02'),
(780, 4, 45.538651876353, 10.209611365333, '2026-04-29 13:51:02'),
(781, 5, 45.548078530505, 10.217551671, '2026-04-29 13:51:02'),
(782, 6, 45.546893198656, 10.193324700214, '2026-04-29 13:51:02'),
(783, 2, 45.5416, 10.2118, '2026-04-29 13:53:22'),
(784, 3, 45.5416, 10.2118, '2026-04-29 13:53:22'),
(785, 4, 45.538476564195, 10.209707623565, '2026-04-29 13:53:22'),
(786, 5, 45.547966358749, 10.217452084368, '2026-04-29 13:53:22'),
(787, 6, 45.546844126508, 10.193130813845, '2026-04-29 13:53:22'),
(788, 2, 45.5416, 10.2118, '2026-04-29 13:53:24'),
(789, 3, 45.5416, 10.2118, '2026-04-29 13:53:24'),
(790, 4, 45.538301252037, 10.209803881797, '2026-04-29 13:53:24'),
(791, 5, 45.547854186994, 10.217352497736, '2026-04-29 13:53:24'),
(792, 6, 45.546795054359, 10.192936927476, '2026-04-29 13:53:24'),
(793, 2, 45.5416, 10.2118, '2026-04-29 13:53:26'),
(794, 3, 45.5416, 10.2118, '2026-04-29 13:53:26'),
(795, 4, 45.538125939879, 10.209900140029, '2026-04-29 13:53:26'),
(796, 5, 45.547742015238, 10.217252911104, '2026-04-29 13:53:26'),
(797, 6, 45.546745982211, 10.192743041107, '2026-04-29 13:53:26'),
(798, 2, 45.5416, 10.2118, '2026-04-29 13:53:28'),
(799, 3, 45.5416, 10.2118, '2026-04-29 13:53:28'),
(800, 4, 45.537950627721, 10.209996398261, '2026-04-29 13:53:28'),
(801, 5, 45.547629843483, 10.217153324472, '2026-04-29 13:53:28'),
(802, 6, 45.546696910062, 10.192549154738, '2026-04-29 13:53:28'),
(803, 2, 45.5416, 10.2118, '2026-04-29 13:53:45'),
(804, 3, 45.5416, 10.2118, '2026-04-29 13:53:45'),
(805, 4, 45.537775315563, 10.210092656493, '2026-04-29 13:53:45'),
(806, 6, 45.546647837914, 10.192355268369, '2026-04-29 13:53:45'),
(807, 2, 45.5416, 10.2118, '2026-04-29 13:53:47'),
(808, 3, 45.5416, 10.2118, '2026-04-29 13:53:47'),
(809, 4, 45.537600003405, 10.210188914725, '2026-04-29 13:53:47'),
(810, 6, 45.546598765766, 10.192161382, '2026-04-29 13:53:47'),
(811, 2, 45.5416, 10.2118, '2026-04-29 13:53:49'),
(812, 3, 45.5416, 10.2118, '2026-04-29 13:53:49'),
(813, 4, 45.537424691247, 10.210285172957, '2026-04-29 13:53:49'),
(814, 5, 45.547517671727, 10.21705373784, '2026-04-29 13:53:49'),
(815, 6, 45.546549693617, 10.191967495631, '2026-04-29 13:53:49'),
(816, 2, 45.5416, 10.2118, '2026-04-29 13:53:51'),
(817, 3, 45.5416, 10.2118, '2026-04-29 13:53:51'),
(818, 4, 45.537249379089, 10.210381431189, '2026-04-29 13:53:51'),
(819, 5, 45.547405499972, 10.216954151208, '2026-04-29 13:53:51');
INSERT INTO `drone_path` (`id`, `drone_id`, `lat`, `lng`, `timestamp`) VALUES
(820, 6, 45.546500621469, 10.191773609262, '2026-04-29 13:53:51'),
(821, 2, 45.5416, 10.2118, '2026-04-29 13:55:04'),
(822, 3, 45.5416, 10.2118, '2026-04-29 13:55:05'),
(823, 4, 45.537074066931, 10.210477689421, '2026-04-29 13:55:05'),
(824, 5, 45.547293328216, 10.216854564576, '2026-04-29 13:55:05'),
(825, 6, 45.54645154932, 10.191579722893, '2026-04-29 13:55:05'),
(826, 2, 45.5416, 10.2118, '2026-04-29 13:55:06'),
(827, 3, 45.5416, 10.2118, '2026-04-29 13:55:07'),
(828, 4, 45.536898754773, 10.210573947653, '2026-04-29 13:55:07'),
(829, 5, 45.547181156461, 10.216754977944, '2026-04-29 13:55:07'),
(830, 6, 45.546402477172, 10.191385836524, '2026-04-29 13:55:07'),
(831, 2, 45.5416, 10.2118, '2026-04-29 13:55:09'),
(832, 3, 45.5416, 10.2118, '2026-04-29 13:55:09'),
(833, 4, 45.536723442615, 10.210670205885, '2026-04-29 13:55:09'),
(834, 5, 45.547068984705, 10.216655391312, '2026-04-29 13:55:09'),
(835, 6, 45.546353405024, 10.191191950155, '2026-04-29 13:55:09'),
(836, 2, 45.5416, 10.2118, '2026-04-29 13:55:10'),
(837, 3, 45.5416, 10.2118, '2026-04-29 13:55:11'),
(838, 4, 45.536548130457, 10.210766464117, '2026-04-29 13:55:11'),
(839, 5, 45.54695681295, 10.21655580468, '2026-04-29 13:55:11'),
(840, 6, 45.546304332875, 10.190998063786, '2026-04-29 13:55:11'),
(841, 2, 45.5416, 10.2118, '2026-04-29 13:55:12'),
(842, 3, 45.5416, 10.2118, '2026-04-29 13:55:13'),
(843, 4, 45.536372818299, 10.210862722349, '2026-04-29 13:55:13'),
(844, 5, 45.546844641194, 10.216456218048, '2026-04-29 13:55:13'),
(845, 6, 45.546255260727, 10.190804177417, '2026-04-29 13:55:13'),
(846, 2, 45.5416, 10.2118, '2026-04-29 13:55:14'),
(847, 3, 45.5416, 10.2118, '2026-04-29 13:55:15'),
(848, 4, 45.536197506141, 10.210958980581, '2026-04-29 13:55:15'),
(849, 5, 45.546732469439, 10.216356631416, '2026-04-29 13:55:15'),
(850, 6, 45.546206188578, 10.190610291048, '2026-04-29 13:55:15'),
(851, 1, 45.5416, 10.2118, '2026-04-29 13:55:16'),
(852, 2, 45.5416, 10.2118, '2026-04-29 13:55:17'),
(853, 3, 45.5416, 10.2118, '2026-04-29 13:55:17'),
(854, 4, 45.536022193983, 10.211055238813, '2026-04-29 13:55:17'),
(855, 5, 45.546620297683, 10.216257044784, '2026-04-29 13:55:17'),
(856, 6, 45.54615711643, 10.190416404679, '2026-04-29 13:55:17'),
(857, 1, 45.5416, 10.2118, '2026-04-29 13:55:18'),
(858, 2, 45.5416, 10.2118, '2026-04-29 13:55:19'),
(859, 3, 45.5416, 10.2118, '2026-04-29 13:55:19'),
(860, 4, 45.535846881825, 10.211151497045, '2026-04-29 13:55:19'),
(861, 5, 45.546508125928, 10.216157458152, '2026-04-29 13:55:19'),
(862, 6, 45.5461048, 10.1902097, '2026-04-29 13:55:19'),
(863, 1, 45.5416, 10.2118, '2026-04-29 13:55:20'),
(864, 2, 45.5416, 10.2118, '2026-04-29 13:55:21'),
(865, 3, 45.5416, 10.2118, '2026-04-29 13:55:21'),
(866, 4, 45.535671569667, 10.211247755277, '2026-04-29 13:55:21'),
(867, 5, 45.546395954172, 10.21605787152, '2026-04-29 13:55:21'),
(868, 6, 45.546074162404, 10.190356537794, '2026-04-29 13:55:21'),
(869, 1, 45.5416, 10.2118, '2026-04-29 13:55:22'),
(870, 2, 45.5416, 10.2118, '2026-04-29 13:55:23'),
(871, 3, 45.5416, 10.2118, '2026-04-29 13:55:23'),
(872, 4, 45.535496257509, 10.211344013509, '2026-04-29 13:55:23'),
(873, 5, 45.546283782416, 10.215958284888, '2026-04-29 13:55:23'),
(874, 6, 45.546043524808, 10.190503375588, '2026-04-29 13:55:23'),
(875, 1, 45.5416, 10.2118, '2026-04-29 13:55:24'),
(876, 2, 45.5416, 10.2118, '2026-04-29 13:55:25'),
(877, 3, 45.5416, 10.2118, '2026-04-29 13:55:25'),
(878, 4, 45.535320945351, 10.211440271741, '2026-04-29 13:55:25'),
(879, 5, 45.546171610661, 10.215858698256, '2026-04-29 13:55:25'),
(880, 6, 45.546012887212, 10.190650213382, '2026-04-29 13:55:25'),
(881, 1, 45.5416, 10.2118, '2026-04-29 13:55:26'),
(882, 2, 45.5416, 10.2118, '2026-04-29 13:55:27'),
(883, 3, 45.5416, 10.2118, '2026-04-29 13:55:27'),
(884, 4, 45.535145633193, 10.211536529973, '2026-04-29 13:55:27'),
(885, 5, 45.546059438905, 10.215759111624, '2026-04-29 13:55:27'),
(886, 6, 45.545982249616, 10.190797051176, '2026-04-29 13:55:27'),
(887, 1, 45.5416, 10.2118, '2026-04-29 13:55:28'),
(888, 2, 45.5416, 10.2118, '2026-04-29 13:55:29'),
(889, 3, 45.5416, 10.2118, '2026-04-29 13:55:29'),
(890, 4, 45.534970321035, 10.211632788205, '2026-04-29 13:55:29'),
(891, 5, 45.54594726715, 10.215659524992, '2026-04-29 13:55:29'),
(892, 6, 45.54595161202, 10.19094388897, '2026-04-29 13:55:29'),
(893, 1, 45.5416, 10.2118, '2026-04-29 13:55:30'),
(894, 2, 45.5416, 10.2118, '2026-04-29 13:55:31'),
(895, 3, 45.5416, 10.2118, '2026-04-29 13:55:31'),
(896, 4, 45.534795008877, 10.211729046437, '2026-04-29 13:55:31'),
(897, 5, 45.545835095394, 10.21555993836, '2026-04-29 13:55:31'),
(898, 6, 45.545920974424, 10.191090726764, '2026-04-29 13:55:31'),
(899, 1, 45.5416, 10.2118, '2026-04-29 13:55:32'),
(900, 2, 45.5416, 10.2118, '2026-04-29 13:55:33'),
(901, 3, 45.5416, 10.2118, '2026-04-29 13:55:33'),
(902, 4, 45.534619696719, 10.211825304669, '2026-04-29 13:55:33'),
(903, 5, 45.545722923639, 10.215460351728, '2026-04-29 13:55:33'),
(904, 6, 45.545890336828, 10.191237564558, '2026-04-29 13:55:33'),
(905, 1, 45.5416, 10.2118, '2026-04-29 13:55:34'),
(906, 2, 45.5416, 10.2118, '2026-04-29 13:55:35'),
(907, 3, 45.5416, 10.2118, '2026-04-29 13:55:35'),
(908, 4, 45.534444384561, 10.211921562901, '2026-04-29 13:55:35'),
(909, 5, 45.545610751883, 10.215360765096, '2026-04-29 13:55:35'),
(910, 6, 45.545859699232, 10.191384402352, '2026-04-29 13:55:35'),
(911, 1, 45.5416, 10.2118, '2026-04-29 13:55:36'),
(912, 2, 45.5416, 10.2118, '2026-04-29 13:55:36'),
(913, 3, 45.5416, 10.2118, '2026-04-29 13:55:37'),
(914, 4, 45.534269072403, 10.212017821133, '2026-04-29 13:55:37'),
(915, 5, 45.545498580128, 10.215261178464, '2026-04-29 13:55:37'),
(916, 6, 45.545829061636, 10.191531240146, '2026-04-29 13:55:37'),
(917, 1, 45.5416, 10.2118, '2026-04-29 13:55:38'),
(918, 2, 45.5416, 10.2118, '2026-04-29 13:55:38'),
(919, 3, 45.5416, 10.2118, '2026-04-29 13:55:39'),
(920, 4, 45.534093760245, 10.212114079365, '2026-04-29 13:55:39'),
(921, 5, 45.545386408372, 10.215161591832, '2026-04-29 13:55:39'),
(922, 6, 45.54579842404, 10.19167807794, '2026-04-29 13:55:39'),
(923, 1, 45.5416, 10.2118, '2026-04-29 13:55:40'),
(924, 2, 45.5416, 10.2118, '2026-04-29 13:55:41'),
(925, 3, 45.5416, 10.2118, '2026-04-29 13:55:41'),
(926, 4, 45.533918448087, 10.212210337597, '2026-04-29 13:55:41'),
(927, 5, 45.545274236617, 10.2150620052, '2026-04-29 13:55:41'),
(928, 6, 45.545767786444, 10.191824915734, '2026-04-29 13:55:41'),
(929, 1, 45.5416, 10.2118, '2026-04-29 13:55:42'),
(930, 2, 45.5416, 10.2118, '2026-04-29 13:55:42'),
(931, 3, 45.5416, 10.2118, '2026-04-29 13:55:43'),
(932, 4, 45.533743135929, 10.212306595829, '2026-04-29 13:55:43'),
(933, 5, 45.545162064861, 10.214962418568, '2026-04-29 13:55:43'),
(934, 6, 45.545737148848, 10.191971753528, '2026-04-29 13:55:43'),
(935, 1, 45.5416, 10.2118, '2026-04-29 13:55:44'),
(936, 2, 45.5416, 10.2118, '2026-04-29 13:55:45'),
(937, 3, 45.5416, 10.2118, '2026-04-29 13:55:45'),
(938, 4, 45.533567823771, 10.212402854061, '2026-04-29 13:55:45'),
(939, 5, 45.545049893106, 10.214862831936, '2026-04-29 13:55:45'),
(940, 6, 45.545706511252, 10.192118591322, '2026-04-29 13:55:45'),
(941, 1, 45.5416, 10.2118, '2026-04-29 13:55:50'),
(942, 2, 45.5416, 10.2118, '2026-04-29 13:55:50'),
(943, 3, 45.5416, 10.2118, '2026-04-29 13:55:50'),
(944, 4, 45.533392511613, 10.212499112293, '2026-04-29 13:55:50'),
(945, 5, 45.54493772135, 10.214763245304, '2026-04-29 13:55:50'),
(946, 6, 45.545675873656, 10.192265429116, '2026-04-29 13:55:50'),
(947, 1, 45.5416, 10.2118, '2026-04-29 13:57:35'),
(948, 2, 45.5416, 10.2118, '2026-04-29 13:57:35'),
(949, 3, 45.5416, 10.2118, '2026-04-29 13:57:35'),
(950, 4, 45.533217199455, 10.212595370525, '2026-04-29 13:57:35'),
(951, 5, 45.544825549595, 10.214663658672, '2026-04-29 13:57:35'),
(952, 6, 45.54564523606, 10.19241226691, '2026-04-29 13:57:35'),
(953, 1, 45.5416, 10.2118, '2026-04-29 13:57:37'),
(954, 2, 45.5416, 10.2118, '2026-04-29 13:57:37'),
(955, 3, 45.5416, 10.2118, '2026-04-29 13:57:37'),
(956, 4, 45.533041887297, 10.212691628757, '2026-04-29 13:57:37'),
(957, 5, 45.544713377839, 10.21456407204, '2026-04-29 13:57:37'),
(958, 6, 45.545614598464, 10.192559104704, '2026-04-29 13:57:37'),
(959, 1, 45.5416, 10.2118, '2026-04-29 13:57:39'),
(960, 2, 45.5416, 10.2118, '2026-04-29 13:57:39'),
(961, 3, 45.5416, 10.2118, '2026-04-29 13:57:39'),
(962, 4, 45.532866575139, 10.212787886989, '2026-04-29 13:57:39'),
(963, 5, 45.544601206084, 10.214464485408, '2026-04-29 13:57:39'),
(964, 6, 45.545583960868, 10.192705942498, '2026-04-29 13:57:39'),
(965, 1, 45.5416, 10.2118, '2026-04-29 13:57:41'),
(966, 2, 45.5416, 10.2118, '2026-04-29 13:57:41'),
(967, 3, 45.5416, 10.2118, '2026-04-29 13:57:41'),
(968, 4, 45.532691262981, 10.212884145221, '2026-04-29 13:57:41'),
(969, 5, 45.544489034328, 10.214364898776, '2026-04-29 13:57:41'),
(970, 6, 45.545553323272, 10.192852780292, '2026-04-29 13:57:41'),
(971, 1, 45.5416, 10.2118, '2026-04-29 13:57:43'),
(972, 2, 45.5416, 10.2118, '2026-04-29 13:57:43'),
(973, 3, 45.5416, 10.2118, '2026-04-29 13:57:43'),
(974, 4, 45.532515950823, 10.212980403453, '2026-04-29 13:57:43'),
(975, 5, 45.544376862572, 10.214265312144, '2026-04-29 13:57:43'),
(976, 6, 45.545522685676, 10.192999618086, '2026-04-29 13:57:43'),
(977, 1, 45.5416, 10.2118, '2026-04-29 13:57:45'),
(978, 2, 45.5416, 10.2118, '2026-04-29 13:57:45'),
(979, 3, 45.5416, 10.2118, '2026-04-29 13:57:45'),
(980, 4, 45.532340638665, 10.213076661685, '2026-04-29 13:57:45'),
(981, 5, 45.544264690817, 10.214165725512, '2026-04-29 13:57:45'),
(982, 6, 45.54549204808, 10.19314645588, '2026-04-29 13:57:45'),
(983, 1, 45.5416, 10.2118, '2026-04-29 13:57:47'),
(984, 2, 45.5416, 10.2118, '2026-04-29 13:57:47'),
(985, 3, 45.5416, 10.2118, '2026-04-29 13:57:47'),
(986, 4, 45.532165326507, 10.213172919917, '2026-04-29 13:57:47'),
(987, 5, 45.544152519061, 10.21406613888, '2026-04-29 13:57:47'),
(988, 6, 45.545461410484, 10.193293293674, '2026-04-29 13:57:47'),
(989, 1, 45.5416, 10.2118, '2026-04-29 13:57:49'),
(990, 2, 45.5416, 10.2118, '2026-04-29 13:57:49'),
(991, 3, 45.5416, 10.2118, '2026-04-29 13:57:49'),
(992, 4, 45.531990014349, 10.213269178149, '2026-04-29 13:57:49'),
(993, 5, 45.544040347306, 10.213966552248, '2026-04-29 13:57:49'),
(994, 6, 45.545430772888, 10.193440131468, '2026-04-29 13:57:49'),
(995, 1, 45.5416, 10.2118, '2026-04-29 14:11:52'),
(996, 2, 45.5416, 10.2118, '2026-04-29 14:11:52'),
(997, 3, 45.5416, 10.2118, '2026-04-29 14:11:52'),
(998, 4, 45.531814702191, 10.213365436381, '2026-04-29 14:11:52'),
(999, 5, 45.54392817555, 10.213866965616, '2026-04-29 14:11:52'),
(1000, 6, 45.545400135292, 10.193586969262, '2026-04-29 14:11:52'),
(1001, 1, 45.5416, 10.2118, '2026-04-29 14:11:54'),
(1002, 2, 45.5416, 10.2118, '2026-04-29 14:11:54'),
(1003, 3, 45.5416, 10.2118, '2026-04-29 14:11:54'),
(1004, 4, 45.531639390033, 10.213461694613, '2026-04-29 14:11:54'),
(1005, 5, 45.543816003795, 10.213767378984, '2026-04-29 14:11:54'),
(1006, 6, 45.545369497696, 10.193733807056, '2026-04-29 14:11:54'),
(1007, 1, 45.5416, 10.2118, '2026-04-29 14:11:56'),
(1008, 2, 45.5416, 10.2118, '2026-04-29 14:11:56'),
(1009, 3, 45.5416, 10.2118, '2026-04-29 14:11:56'),
(1010, 4, 45.531464077875, 10.213557952845, '2026-04-29 14:11:56'),
(1011, 5, 45.543703832039, 10.213667792352, '2026-04-29 14:11:56'),
(1012, 6, 45.5453388601, 10.19388064485, '2026-04-29 14:11:56'),
(1013, 1, 45.5416, 10.2118, '2026-04-29 14:11:58'),
(1014, 2, 45.5416, 10.2118, '2026-04-29 14:11:58'),
(1015, 3, 45.5416, 10.2118, '2026-04-29 14:11:58'),
(1016, 4, 45.531288765717, 10.213654211077, '2026-04-29 14:11:58'),
(1017, 5, 45.543591660284, 10.21356820572, '2026-04-29 14:11:58'),
(1018, 6, 45.545308222504, 10.194027482644, '2026-04-29 14:11:58'),
(1019, 1, 45.5416, 10.2118, '2026-04-29 14:12:00'),
(1020, 2, 45.5416, 10.2118, '2026-04-29 14:12:00'),
(1021, 3, 45.5416, 10.2118, '2026-04-29 14:12:00'),
(1022, 4, 45.531113453559, 10.213750469309, '2026-04-29 14:12:00'),
(1023, 5, 45.543479488528, 10.213468619088, '2026-04-29 14:12:00'),
(1024, 6, 45.545277584908, 10.194174320438, '2026-04-29 14:12:00'),
(1025, 1, 45.5416, 10.2118, '2026-04-29 14:12:02'),
(1026, 2, 45.5416, 10.2118, '2026-04-29 14:12:02'),
(1027, 3, 45.5416, 10.2118, '2026-04-29 14:12:02'),
(1028, 4, 45.530938141401, 10.213846727541, '2026-04-29 14:12:02'),
(1029, 5, 45.543367316773, 10.213369032456, '2026-04-29 14:12:02'),
(1030, 6, 45.545246947312, 10.194321158232, '2026-04-29 14:12:02'),
(1031, 1, 45.5416, 10.2118, '2026-04-29 14:12:04'),
(1032, 2, 45.5416, 10.2118, '2026-04-29 14:12:04'),
(1033, 3, 45.5416, 10.2118, '2026-04-29 14:12:04'),
(1034, 4, 45.530762829243, 10.213942985773, '2026-04-29 14:12:04'),
(1035, 5, 45.543255145017, 10.213269445824, '2026-04-29 14:12:04'),
(1036, 6, 45.545216309716, 10.194467996026, '2026-04-29 14:12:04'),
(1037, 1, 45.5416, 10.2118, '2026-04-29 14:12:06'),
(1038, 2, 45.5416, 10.2118, '2026-04-29 14:12:06'),
(1039, 3, 45.5416, 10.2118, '2026-04-29 14:12:06'),
(1040, 4, 45.530587517085, 10.214039244005, '2026-04-29 14:12:06'),
(1041, 5, 45.543142973262, 10.213169859192, '2026-04-29 14:12:06'),
(1042, 6, 45.54518567212, 10.19461483382, '2026-04-29 14:12:06'),
(1043, 1, 45.5416, 10.2118, '2026-04-29 14:12:08'),
(1044, 2, 45.5416, 10.2118, '2026-04-29 14:12:08'),
(1045, 3, 45.5416, 10.2118, '2026-04-29 14:12:08'),
(1046, 4, 45.530412204927, 10.214135502237, '2026-04-29 14:12:08'),
(1047, 5, 45.543030801506, 10.21307027256, '2026-04-29 14:12:08'),
(1048, 6, 45.545155034524, 10.194761671614, '2026-04-29 14:12:08'),
(1049, 1, 45.5416, 10.2118, '2026-04-29 14:12:12'),
(1050, 2, 45.5416, 10.2118, '2026-04-29 14:12:12'),
(1051, 3, 45.5416, 10.2118, '2026-04-29 14:12:12'),
(1052, 1, 45.5416, 10.2118, '2026-04-29 14:12:14'),
(1053, 2, 45.5416, 10.2118, '2026-04-29 14:12:14'),
(1054, 3, 45.5416, 10.2118, '2026-04-29 14:12:14'),
(1055, 1, 45.5416, 10.2118, '2026-04-29 14:12:16'),
(1056, 2, 45.5416, 10.2118, '2026-04-29 14:12:16'),
(1057, 3, 45.5416, 10.2118, '2026-04-29 14:12:16'),
(1058, 1, 45.5416, 10.2118, '2026-04-29 14:12:18'),
(1059, 2, 45.5416, 10.2118, '2026-04-29 14:12:18'),
(1060, 3, 45.5416, 10.2118, '2026-04-29 14:12:18'),
(1061, 1, 45.5416, 10.2118, '2026-04-29 14:12:20'),
(1062, 2, 45.5416, 10.2118, '2026-04-29 14:12:20'),
(1063, 3, 45.5416, 10.2118, '2026-04-29 14:12:20'),
(1064, 1, 45.5416, 10.2118, '2026-04-29 14:12:22'),
(1065, 2, 45.5416, 10.2118, '2026-04-29 14:12:22'),
(1066, 3, 45.5416, 10.2118, '2026-04-29 14:12:22'),
(1067, 1, 45.5416, 10.2118, '2026-04-29 21:28:02'),
(1068, 2, 45.5416, 10.2118, '2026-04-29 21:28:02'),
(1069, 3, 45.5416, 10.2118, '2026-04-29 21:28:02'),
(1070, 4, 45.530236892769, 10.214231760469, '2026-04-29 21:28:02'),
(1071, 5, 45.542918629751, 10.212970685928, '2026-04-29 21:28:02'),
(1072, 6, 45.545124396928, 10.194908509408, '2026-04-29 21:28:02'),
(1073, 1, 45.5416, 10.2118, '2026-04-29 21:28:04'),
(1074, 2, 45.5416, 10.2118, '2026-04-29 21:28:04'),
(1075, 3, 45.5416, 10.2118, '2026-04-29 21:28:04'),
(1076, 1, 45.5416, 10.2118, '2026-04-29 21:28:06'),
(1077, 2, 45.5416, 10.2118, '2026-04-29 21:28:06'),
(1078, 3, 45.5416, 10.2118, '2026-04-29 21:28:06'),
(1079, 4, 45.530061580611, 10.214328018701, '2026-04-29 21:28:06'),
(1080, 5, 45.542806457995, 10.212871099296, '2026-04-29 21:28:06'),
(1081, 6, 45.545093759332, 10.195055347202, '2026-04-29 21:28:06'),
(1082, 1, 45.5416, 10.2118, '2026-04-29 21:28:08'),
(1083, 2, 45.5416, 10.2118, '2026-04-29 21:28:08'),
(1084, 3, 45.5416, 10.2118, '2026-04-29 21:28:08'),
(1085, 1, 45.5416, 10.2118, '2026-04-29 21:28:10'),
(1086, 2, 45.5416, 10.2118, '2026-04-29 21:28:10'),
(1087, 3, 45.5416, 10.2118, '2026-04-29 21:28:10'),
(1088, 4, 45.529886268453, 10.214424276933, '2026-04-29 21:28:10'),
(1089, 5, 45.54269428624, 10.212771512664, '2026-04-29 21:28:10'),
(1090, 6, 45.545063121736, 10.195202184996, '2026-04-29 21:28:10'),
(1091, 1, 45.5416, 10.2118, '2026-04-29 21:28:12'),
(1092, 2, 45.5416, 10.2118, '2026-04-29 21:28:12'),
(1093, 3, 45.5416, 10.2118, '2026-04-29 21:28:12'),
(1094, 4, 45.529710956295, 10.214520535165, '2026-04-29 21:28:12'),
(1095, 5, 45.542582114484, 10.212671926032, '2026-04-29 21:28:12'),
(1096, 6, 45.54503248414, 10.19534902279, '2026-04-29 21:28:12'),
(1097, 1, 45.5416, 10.2118, '2026-04-29 21:28:14'),
(1098, 2, 45.5416, 10.2118, '2026-04-29 21:28:14'),
(1099, 3, 45.5416, 10.2118, '2026-04-29 21:28:14'),
(1100, 1, 45.5416, 10.2118, '2026-04-29 21:28:16'),
(1101, 2, 45.5416, 10.2118, '2026-04-29 21:28:16'),
(1102, 3, 45.5416, 10.2118, '2026-04-29 21:28:16'),
(1103, 1, 45.5416, 10.2118, '2026-04-29 21:28:18'),
(1104, 2, 45.5416, 10.2118, '2026-04-29 21:28:18'),
(1105, 3, 45.5416, 10.2118, '2026-04-29 21:28:18'),
(1106, 4, 45.529535644137, 10.214616793397, '2026-04-29 21:28:18'),
(1107, 5, 45.542469942729, 10.2125723394, '2026-04-29 21:28:18'),
(1108, 6, 45.545001846544, 10.195495860584, '2026-04-29 21:28:18'),
(1109, 1, 45.5416, 10.2118, '2026-04-29 21:28:20'),
(1110, 2, 45.5416, 10.2118, '2026-04-29 21:28:20'),
(1111, 3, 45.5416, 10.2118, '2026-04-29 21:28:20'),
(1112, 4, 45.529360331979, 10.214713051629, '2026-04-29 21:28:20'),
(1113, 5, 45.542357770973, 10.212472752768, '2026-04-29 21:28:20'),
(1114, 6, 45.544971208948, 10.195642698378, '2026-04-29 21:28:20'),
(1115, 1, 45.5416, 10.2118, '2026-04-29 21:28:22'),
(1116, 2, 45.5416, 10.2118, '2026-04-29 21:28:22'),
(1117, 3, 45.5416, 10.2118, '2026-04-29 21:28:22'),
(1118, 1, 45.5416, 10.2118, '2026-04-29 21:28:24'),
(1119, 2, 45.5416, 10.2118, '2026-04-29 21:28:24'),
(1120, 3, 45.5416, 10.2118, '2026-04-29 21:28:24'),
(1121, 1, 45.5416, 10.2118, '2026-04-29 21:28:26'),
(1122, 2, 45.5416, 10.2118, '2026-04-29 21:28:26'),
(1123, 3, 45.5416, 10.2118, '2026-04-29 21:28:26'),
(1124, 1, 45.5416, 10.2118, '2026-04-29 21:28:28'),
(1125, 2, 45.5416, 10.2118, '2026-04-29 21:28:28'),
(1126, 3, 45.5416, 10.2118, '2026-04-29 21:28:28'),
(1127, 1, 45.5416, 10.2118, '2026-04-29 21:28:30'),
(1128, 2, 45.5416, 10.2118, '2026-04-29 21:28:30'),
(1129, 3, 45.5416, 10.2118, '2026-04-29 21:28:30'),
(1130, 4, 45.529185019821, 10.214809309861, '2026-04-29 21:28:30'),
(1131, 5, 45.542245599217, 10.212373166136, '2026-04-29 21:28:30'),
(1132, 6, 45.544940571352, 10.195789536172, '2026-04-29 21:28:30'),
(1133, 1, 45.5416, 10.2118, '2026-04-29 21:28:32'),
(1134, 2, 45.5416, 10.2118, '2026-04-29 21:28:32'),
(1135, 3, 45.5416, 10.2118, '2026-04-29 21:28:32'),
(1136, 4, 45.529009707663, 10.214905568093, '2026-04-29 21:28:32'),
(1137, 5, 45.542133427462, 10.212273579504, '2026-04-29 21:28:32'),
(1138, 6, 45.544909933756, 10.195936373966, '2026-04-29 21:28:32'),
(1139, 1, 45.5416, 10.2118, '2026-04-29 21:28:34'),
(1140, 2, 45.5416, 10.2118, '2026-04-29 21:28:34'),
(1141, 3, 45.5416, 10.2118, '2026-04-29 21:28:34'),
(1142, 1, 45.5416, 10.2118, '2026-04-29 21:28:36'),
(1143, 2, 45.5416, 10.2118, '2026-04-29 21:28:36'),
(1144, 3, 45.5416, 10.2118, '2026-04-29 21:28:36'),
(1145, 1, 45.5416, 10.2118, '2026-04-29 21:28:38'),
(1146, 2, 45.5416, 10.2118, '2026-04-29 21:28:38'),
(1147, 3, 45.5416, 10.2118, '2026-04-29 21:28:38'),
(1148, 1, 45.5416, 10.2118, '2026-04-29 21:28:40'),
(1149, 2, 45.5416, 10.2118, '2026-04-29 21:28:40'),
(1150, 3, 45.5416, 10.2118, '2026-04-29 21:28:40'),
(1151, 1, 45.5416, 10.2118, '2026-04-29 21:28:42'),
(1152, 2, 45.5416, 10.2118, '2026-04-29 21:28:42'),
(1153, 3, 45.5416, 10.2118, '2026-04-29 21:28:42'),
(1154, 1, 45.5416, 10.2118, '2026-04-29 21:28:44'),
(1155, 2, 45.5416, 10.2118, '2026-04-29 21:28:44'),
(1156, 3, 45.5416, 10.2118, '2026-04-29 21:28:44'),
(1157, 1, 45.5416, 10.2118, '2026-04-29 21:28:46'),
(1158, 2, 45.5416, 10.2118, '2026-04-29 21:28:46'),
(1159, 3, 45.5416, 10.2118, '2026-04-29 21:28:46'),
(1160, 4, 45.528834395505, 10.215001826325, '2026-04-29 21:28:46'),
(1161, 5, 45.542021255706, 10.212173992872, '2026-04-29 21:28:46'),
(1162, 6, 45.54487929616, 10.19608321176, '2026-04-29 21:28:46'),
(1163, 1, 45.5416, 10.2118, '2026-04-29 21:28:48'),
(1164, 2, 45.5416, 10.2118, '2026-04-29 21:28:48'),
(1165, 3, 45.5416, 10.2118, '2026-04-29 21:28:48'),
(1166, 4, 45.528659083347, 10.215098084557, '2026-04-29 21:28:48'),
(1167, 5, 45.541909083951, 10.21207440624, '2026-04-29 21:28:48'),
(1168, 6, 45.544848658564, 10.196230049554, '2026-04-29 21:28:48'),
(1169, 1, 45.5416, 10.2118, '2026-04-29 21:28:50'),
(1170, 2, 45.5416, 10.2118, '2026-04-29 21:28:50'),
(1171, 3, 45.5416, 10.2118, '2026-04-29 21:28:50'),
(1172, 1, 45.5416, 10.2118, '2026-04-29 21:28:52'),
(1173, 2, 45.5416, 10.2118, '2026-04-29 21:28:52'),
(1174, 3, 45.5416, 10.2118, '2026-04-29 21:28:52'),
(1175, 1, 45.5416, 10.2118, '2026-04-29 21:28:54'),
(1176, 2, 45.5416, 10.2118, '2026-04-29 21:28:54'),
(1177, 3, 45.5416, 10.2118, '2026-04-29 21:28:54'),
(1178, 4, 45.528483771189, 10.215194342789, '2026-04-29 21:28:54'),
(1179, 5, 45.541796912195, 10.211974819608, '2026-04-29 21:28:54'),
(1180, 6, 45.544818020968, 10.196376887348, '2026-04-29 21:28:54'),
(1181, 1, 45.5416, 10.2118, '2026-04-29 21:28:56'),
(1182, 2, 45.5416, 10.2118, '2026-04-29 21:28:56'),
(1183, 3, 45.5416, 10.2118, '2026-04-29 21:28:56'),
(1184, 4, 45.528308459031, 10.215290601021, '2026-04-29 21:28:56'),
(1185, 5, 45.5416, 10.2118, '2026-04-29 21:28:56'),
(1186, 6, 45.544787383372, 10.196523725142, '2026-04-29 21:28:56'),
(1187, 1, 45.5416, 10.2118, '2026-04-29 21:28:58'),
(1188, 2, 45.5416, 10.2118, '2026-04-29 21:28:58'),
(1189, 3, 45.5416, 10.2118, '2026-04-29 21:28:58'),
(1190, 4, 45.528133146873, 10.215386859253, '2026-04-29 21:28:58'),
(1191, 5, 45.5416, 10.2118, '2026-04-29 21:28:58'),
(1192, 6, 45.544756745776, 10.196670562936, '2026-04-29 21:28:58'),
(1193, 1, 45.5416, 10.2118, '2026-04-29 21:29:00'),
(1194, 2, 45.5416, 10.2118, '2026-04-29 21:29:00'),
(1195, 3, 45.5416, 10.2118, '2026-04-29 21:29:00'),
(1196, 1, 45.5416, 10.2118, '2026-04-29 21:29:02'),
(1197, 2, 45.5416, 10.2118, '2026-04-29 21:29:02'),
(1198, 3, 45.5416, 10.2118, '2026-04-29 21:29:02'),
(1199, 4, 45.527957834715, 10.215483117485, '2026-04-29 21:29:02'),
(1200, 5, 45.5416, 10.2118, '2026-04-29 21:29:02'),
(1201, 6, 45.54472610818, 10.19681740073, '2026-04-29 21:29:02'),
(1202, 1, 45.5416, 10.2118, '2026-04-29 21:29:04'),
(1203, 2, 45.5416, 10.2118, '2026-04-29 21:29:04'),
(1204, 3, 45.5416, 10.2118, '2026-04-29 21:29:04'),
(1205, 1, 45.5416, 10.2118, '2026-04-29 21:29:06'),
(1206, 2, 45.5416, 10.2118, '2026-04-29 21:29:06'),
(1207, 3, 45.5416, 10.2118, '2026-04-29 21:29:06'),
(1208, 4, 45.527782522557, 10.215579375717, '2026-04-29 21:29:06'),
(1209, 5, 45.5416, 10.2118, '2026-04-29 21:29:06'),
(1210, 6, 45.544695470584, 10.196964238524, '2026-04-29 21:29:06'),
(1211, 1, 45.5416, 10.2118, '2026-04-29 21:29:08'),
(1212, 2, 45.5416, 10.2118, '2026-04-29 21:29:08'),
(1213, 3, 45.5416, 10.2118, '2026-04-29 21:29:08'),
(1214, 4, 45.527607210399, 10.215675633949, '2026-04-29 21:29:08'),
(1215, 5, 45.5416, 10.2118, '2026-04-29 21:29:08'),
(1216, 6, 45.544664832988, 10.197111076318, '2026-04-29 21:29:08'),
(1217, 1, 45.5416, 10.2118, '2026-04-29 21:29:10'),
(1218, 2, 45.5416, 10.2118, '2026-04-29 21:29:10'),
(1219, 3, 45.5416, 10.2118, '2026-04-29 21:29:10'),
(1220, 4, 45.527431898241, 10.215771892181, '2026-04-29 21:29:10'),
(1221, 5, 45.5416, 10.2118, '2026-04-29 21:29:10'),
(1222, 6, 45.544634195392, 10.197257914112, '2026-04-29 21:29:10'),
(1223, 1, 45.5416, 10.2118, '2026-04-29 21:29:12'),
(1224, 2, 45.5416, 10.2118, '2026-04-29 21:29:12'),
(1225, 3, 45.5416, 10.2118, '2026-04-29 21:29:12'),
(1226, 4, 45.527256586083, 10.215868150413, '2026-04-29 21:29:12'),
(1227, 5, 45.5416, 10.2118, '2026-04-29 21:29:12'),
(1228, 6, 45.544603557796, 10.197404751906, '2026-04-29 21:29:12'),
(1229, 1, 45.5416, 10.2118, '2026-04-29 21:29:14'),
(1230, 2, 45.5416, 10.2118, '2026-04-29 21:29:14'),
(1231, 3, 45.5416, 10.2118, '2026-04-29 21:29:14'),
(1232, 1, 45.5416, 10.2118, '2026-04-29 21:29:16'),
(1233, 2, 45.5416, 10.2118, '2026-04-29 21:29:16'),
(1234, 3, 45.5416, 10.2118, '2026-04-29 21:29:16'),
(1235, 4, 45.527081273925, 10.215964408645, '2026-04-29 21:29:16'),
(1236, 5, 45.5416, 10.2118, '2026-04-29 21:29:16'),
(1237, 6, 45.5445729202, 10.1975515897, '2026-04-29 21:29:16'),
(1238, 1, 45.5416, 10.2118, '2026-04-29 21:29:18'),
(1239, 2, 45.5416, 10.2118, '2026-04-29 21:29:18'),
(1240, 3, 45.5416, 10.2118, '2026-04-29 21:29:18'),
(1241, 4, 45.526905961767, 10.216060666877, '2026-04-29 21:29:18'),
(1242, 5, 45.5416, 10.2118, '2026-04-29 21:29:18'),
(1243, 6, 45.544542282604, 10.197698427494, '2026-04-29 21:29:18'),
(1244, 1, 45.5416, 10.2118, '2026-04-29 21:29:20'),
(1245, 2, 45.5416, 10.2118, '2026-04-29 21:29:20'),
(1246, 3, 45.5416, 10.2118, '2026-04-29 21:29:20'),
(1247, 1, 45.5416, 10.2118, '2026-04-29 21:29:22'),
(1248, 2, 45.5416, 10.2118, '2026-04-29 21:29:22'),
(1249, 3, 45.5416, 10.2118, '2026-04-29 21:29:22'),
(1250, 4, 45.526730649609, 10.216156925108, '2026-04-29 21:29:22'),
(1251, 5, 45.5416, 10.2118, '2026-04-29 21:29:22'),
(1252, 6, 45.544511645008, 10.197845265288, '2026-04-29 21:29:22'),
(1253, 1, 45.5416, 10.2118, '2026-04-29 21:29:24'),
(1254, 2, 45.5416, 10.2118, '2026-04-29 21:29:24'),
(1255, 3, 45.5416, 10.2118, '2026-04-29 21:29:24'),
(1256, 1, 45.5416, 10.2118, '2026-04-29 21:29:29'),
(1257, 2, 45.5416, 10.2118, '2026-04-29 21:29:29'),
(1258, 3, 45.5416, 10.2118, '2026-04-29 21:29:29'),
(1259, 1, 45.5416, 10.2118, '2026-04-29 21:29:31'),
(1260, 2, 45.5416, 10.2118, '2026-04-29 21:29:31'),
(1261, 3, 45.5416, 10.2118, '2026-04-29 21:29:31'),
(1262, 1, 45.5416, 10.2118, '2026-04-29 21:29:33'),
(1263, 2, 45.5416, 10.2118, '2026-04-29 21:29:33'),
(1264, 3, 45.5416, 10.2118, '2026-04-29 21:29:33'),
(1265, 4, 45.526555337451, 10.21625318334, '2026-04-29 21:29:33'),
(1266, 5, 45.5416, 10.2118, '2026-04-29 21:29:33'),
(1267, 6, 45.544481007412, 10.197992103082, '2026-04-29 21:29:33'),
(1268, 1, 45.5416, 10.2118, '2026-04-29 21:29:35'),
(1269, 2, 45.5416, 10.2118, '2026-04-29 21:29:35'),
(1270, 3, 45.5416, 10.2118, '2026-04-29 21:29:35'),
(1271, 1, 45.5416, 10.2118, '2026-04-29 21:29:37'),
(1272, 2, 45.5416, 10.2118, '2026-04-29 21:29:37'),
(1273, 3, 45.5416, 10.2118, '2026-04-29 21:29:37'),
(1274, 4, 45.526380025293, 10.216349441571, '2026-04-29 21:29:37'),
(1275, 5, 45.5416, 10.2118, '2026-04-29 21:29:37'),
(1276, 6, 45.544450369816, 10.198138940876, '2026-04-29 21:29:37'),
(1277, 1, 45.5416, 10.2118, '2026-04-29 21:29:39'),
(1278, 2, 45.5416, 10.2118, '2026-04-29 21:29:39'),
(1279, 3, 45.5416, 10.2118, '2026-04-29 21:29:39'),
(1280, 1, 45.5416, 10.2118, '2026-04-30 23:31:42'),
(1281, 2, 45.5416, 10.2118, '2026-04-30 23:31:42'),
(1282, 3, 45.5416, 10.2118, '2026-04-30 23:31:42'),
(1283, 4, 45.526204713135, 10.216445699802, '2026-04-30 23:31:42'),
(1284, 5, 45.5416, 10.2118, '2026-04-30 23:31:42'),
(1285, 6, 45.54441973222, 10.19828577867, '2026-04-30 23:31:42'),
(1286, 1, 45.5416, 10.2118, '2026-04-30 23:31:44'),
(1287, 2, 45.5416, 10.2118, '2026-04-30 23:31:44'),
(1288, 3, 45.5416, 10.2118, '2026-04-30 23:31:44'),
(1289, 4, 45.526029400977, 10.216541958034, '2026-04-30 23:31:44'),
(1290, 5, 45.5416, 10.2118, '2026-04-30 23:31:44'),
(1291, 6, 45.544389094624, 10.198432616464, '2026-04-30 23:31:44'),
(1292, 1, 45.5416, 10.2118, '2026-04-30 23:31:46'),
(1293, 2, 45.5416, 10.2118, '2026-04-30 23:31:46'),
(1294, 3, 45.5416, 10.2118, '2026-04-30 23:31:46'),
(1295, 4, 45.525854088819, 10.216638216265, '2026-04-30 23:31:46'),
(1296, 5, 45.5416, 10.2118, '2026-04-30 23:31:46'),
(1297, 6, 45.544358457028, 10.198579454258, '2026-04-30 23:31:46'),
(1298, 1, 45.5416, 10.2118, '2026-04-30 23:31:48'),
(1299, 2, 45.5416, 10.2118, '2026-04-30 23:31:48'),
(1300, 3, 45.5416, 10.2118, '2026-04-30 23:31:48'),
(1301, 4, 45.525678776661, 10.216734474496, '2026-04-30 23:31:48'),
(1302, 5, 45.5416, 10.2118, '2026-04-30 23:31:48'),
(1303, 6, 45.544327819432, 10.198726292052, '2026-04-30 23:31:48'),
(1304, 1, 45.5416, 10.2118, '2026-04-30 23:31:50'),
(1305, 2, 45.5416, 10.2118, '2026-04-30 23:31:50'),
(1306, 3, 45.5416, 10.2118, '2026-04-30 23:31:50'),
(1307, 4, 45.525503464503, 10.216830732727, '2026-04-30 23:31:50'),
(1308, 5, 45.5416, 10.2118, '2026-04-30 23:31:50'),
(1309, 6, 45.544297181836, 10.198873129846, '2026-04-30 23:31:50'),
(1310, 1, 45.5416, 10.2118, '2026-04-30 23:31:52'),
(1311, 2, 45.5416, 10.2118, '2026-04-30 23:31:52'),
(1312, 3, 45.5416, 10.2118, '2026-04-30 23:31:52'),
(1313, 4, 45.525328152345, 10.216926990959, '2026-04-30 23:31:52'),
(1314, 5, 45.5416, 10.2118, '2026-04-30 23:31:52'),
(1315, 6, 45.54426654424, 10.19901996764, '2026-04-30 23:31:52'),
(1316, 1, 45.5416, 10.2118, '2026-04-30 23:31:54'),
(1317, 2, 45.5416, 10.2118, '2026-04-30 23:31:54'),
(1318, 3, 45.5416, 10.2118, '2026-04-30 23:31:54'),
(1319, 4, 45.525152840187, 10.21702324919, '2026-04-30 23:31:54'),
(1320, 5, 45.5416, 10.2118, '2026-04-30 23:31:54'),
(1321, 6, 45.544235906644, 10.199166805434, '2026-04-30 23:31:54'),
(1322, 1, 45.5416, 10.2118, '2026-04-30 23:31:56'),
(1323, 2, 45.5416, 10.2118, '2026-04-30 23:31:56'),
(1324, 3, 45.5416, 10.2118, '2026-04-30 23:31:56'),
(1325, 4, 45.5250442, 10.2170829, '2026-04-30 23:31:56'),
(1326, 5, 45.5416, 10.2118, '2026-04-30 23:31:56'),
(1327, 6, 45.544205269048, 10.199313643228, '2026-04-30 23:31:56'),
(1328, 1, 45.5416, 10.2118, '2026-04-30 23:31:58'),
(1329, 2, 45.5416, 10.2118, '2026-04-30 23:31:58'),
(1330, 3, 45.5416, 10.2118, '2026-04-30 23:31:58'),
(1331, 4, 45.525187101046, 10.217037300758, '2026-04-30 23:31:58'),
(1332, 5, 45.5416, 10.2118, '2026-04-30 23:31:58'),
(1333, 6, 45.544174631452, 10.199460481022, '2026-04-30 23:31:58'),
(1334, 1, 45.5416, 10.2118, '2026-04-30 23:32:01'),
(1335, 2, 45.5416, 10.2118, '2026-04-30 23:32:01'),
(1336, 3, 45.5416, 10.2118, '2026-04-30 23:32:01'),
(1337, 4, 45.525330002092, 10.216991701516, '2026-04-30 23:32:01'),
(1338, 5, 45.5416, 10.2118, '2026-04-30 23:32:01'),
(1339, 6, 45.544143993856, 10.199607318816, '2026-04-30 23:32:01'),
(1340, 1, 45.5416, 10.2118, '2026-04-30 23:32:03'),
(1341, 2, 45.5416, 10.2118, '2026-04-30 23:32:03'),
(1342, 3, 45.5416, 10.2118, '2026-04-30 23:32:03'),
(1343, 4, 45.525472903138, 10.216946102274, '2026-04-30 23:32:03'),
(1344, 5, 45.5416, 10.2118, '2026-04-30 23:32:03'),
(1345, 6, 45.54411335626, 10.19975415661, '2026-04-30 23:32:03'),
(1346, 1, 45.5416, 10.2118, '2026-04-30 23:32:05'),
(1347, 2, 45.5416, 10.2118, '2026-04-30 23:32:05'),
(1348, 3, 45.5416, 10.2118, '2026-04-30 23:32:05'),
(1349, 4, 45.525615804184, 10.216900503032, '2026-04-30 23:32:05'),
(1350, 5, 45.5416, 10.2118, '2026-04-30 23:32:05'),
(1351, 6, 45.544082718664, 10.199900994404, '2026-04-30 23:32:05'),
(1352, 1, 45.5416, 10.2118, '2026-04-30 23:32:07'),
(1353, 2, 45.5416, 10.2118, '2026-04-30 23:32:07'),
(1354, 3, 45.5416, 10.2118, '2026-04-30 23:32:07'),
(1355, 4, 45.52575870523, 10.21685490379, '2026-04-30 23:32:07'),
(1356, 5, 45.5416, 10.2118, '2026-04-30 23:32:07'),
(1357, 6, 45.544052081068, 10.200047832198, '2026-04-30 23:32:07'),
(1358, 1, 45.5416, 10.2118, '2026-04-30 23:32:09'),
(1359, 2, 45.5416, 10.2118, '2026-04-30 23:32:09'),
(1360, 3, 45.5416, 10.2118, '2026-04-30 23:32:09'),
(1361, 4, 45.525901606276, 10.216809304548, '2026-04-30 23:32:09'),
(1362, 5, 45.5416, 10.2118, '2026-04-30 23:32:09'),
(1363, 6, 45.544021443472, 10.200194669992, '2026-04-30 23:32:09'),
(1364, 1, 45.5416, 10.2118, '2026-04-30 23:32:11'),
(1365, 2, 45.5416, 10.2118, '2026-04-30 23:32:11'),
(1366, 3, 45.5416, 10.2118, '2026-04-30 23:32:11'),
(1367, 4, 45.526044507322, 10.216763705306, '2026-04-30 23:32:11'),
(1368, 5, 45.5416, 10.2118, '2026-04-30 23:32:11'),
(1369, 6, 45.543990805876, 10.200341507786, '2026-04-30 23:32:11'),
(1370, 1, 45.5416, 10.2118, '2026-04-30 23:32:13'),
(1371, 2, 45.5416, 10.2118, '2026-04-30 23:32:13'),
(1372, 3, 45.5416, 10.2118, '2026-04-30 23:32:13'),
(1373, 4, 45.526187408368, 10.216718106064, '2026-04-30 23:32:13'),
(1374, 5, 45.5416, 10.2118, '2026-04-30 23:32:13'),
(1375, 6, 45.54396016828, 10.20048834558, '2026-04-30 23:32:13'),
(1376, 1, 45.5416, 10.2118, '2026-04-30 23:32:15'),
(1377, 2, 45.5416, 10.2118, '2026-04-30 23:32:15'),
(1378, 3, 45.5416, 10.2118, '2026-04-30 23:32:15'),
(1379, 4, 45.526330309414, 10.216672506822, '2026-04-30 23:32:15'),
(1380, 5, 45.5416, 10.2118, '2026-04-30 23:32:15'),
(1381, 6, 45.543929530684, 10.200635183374, '2026-04-30 23:32:15'),
(1382, 1, 45.5416, 10.2118, '2026-04-30 23:32:17'),
(1383, 2, 45.5416, 10.2118, '2026-04-30 23:32:17'),
(1384, 3, 45.5416, 10.2118, '2026-04-30 23:32:17'),
(1385, 4, 45.52647321046, 10.21662690758, '2026-04-30 23:32:17'),
(1386, 5, 45.5416, 10.2118, '2026-04-30 23:32:17'),
(1387, 6, 45.543898893088, 10.200782021168, '2026-04-30 23:32:17'),
(1388, 1, 45.5416, 10.2118, '2026-04-30 23:32:19'),
(1389, 2, 45.5416, 10.2118, '2026-04-30 23:32:19'),
(1390, 3, 45.5416, 10.2118, '2026-04-30 23:32:19'),
(1391, 4, 45.526616111506, 10.216581308338, '2026-04-30 23:32:19'),
(1392, 5, 45.5416, 10.2118, '2026-04-30 23:32:19'),
(1393, 6, 45.543868255492, 10.200928858962, '2026-04-30 23:32:19'),
(1394, 1, 45.5416, 10.2118, '2026-04-30 23:32:21'),
(1395, 2, 45.5416, 10.2118, '2026-04-30 23:32:21'),
(1396, 3, 45.5416, 10.2118, '2026-04-30 23:32:21'),
(1397, 4, 45.526759012552, 10.216535709096, '2026-04-30 23:32:21'),
(1398, 5, 45.5416, 10.2118, '2026-04-30 23:32:21'),
(1399, 6, 45.543837617896, 10.201075696756, '2026-04-30 23:32:21'),
(1400, 1, 45.5416, 10.2118, '2026-04-30 23:32:23'),
(1401, 2, 45.5416, 10.2118, '2026-04-30 23:32:23'),
(1402, 3, 45.5416, 10.2118, '2026-04-30 23:32:23'),
(1403, 4, 45.526901913598, 10.216490109853, '2026-04-30 23:32:23'),
(1404, 5, 45.5416, 10.2118, '2026-04-30 23:32:23'),
(1405, 6, 45.5438069803, 10.20122253455, '2026-04-30 23:32:23'),
(1406, 1, 45.5416, 10.2118, '2026-04-30 23:32:25'),
(1407, 2, 45.5416, 10.2118, '2026-04-30 23:32:25'),
(1408, 3, 45.5416, 10.2118, '2026-04-30 23:32:25'),
(1409, 4, 45.527044814644, 10.216444510611, '2026-04-30 23:32:25'),
(1410, 5, 45.5416, 10.2118, '2026-04-30 23:32:25'),
(1411, 6, 45.543776342704, 10.201369372344, '2026-04-30 23:32:25'),
(1412, 1, 45.5416, 10.2118, '2026-04-30 23:32:27'),
(1413, 2, 45.5416, 10.2118, '2026-04-30 23:32:27'),
(1414, 3, 45.5416, 10.2118, '2026-04-30 23:32:27'),
(1415, 4, 45.52718771569, 10.216398911369, '2026-04-30 23:32:27'),
(1416, 5, 45.5416, 10.2118, '2026-04-30 23:32:27'),
(1417, 6, 45.543745705108, 10.201516210138, '2026-04-30 23:32:27'),
(1418, 1, 45.5416, 10.2118, '2026-04-30 23:32:29'),
(1419, 2, 45.5416, 10.2118, '2026-04-30 23:32:29'),
(1420, 3, 45.5416, 10.2118, '2026-04-30 23:32:29'),
(1421, 4, 45.527330616736, 10.216353312126, '2026-04-30 23:32:29'),
(1422, 5, 45.5416, 10.2118, '2026-04-30 23:32:29'),
(1423, 6, 45.543715067512, 10.201663047932, '2026-04-30 23:32:29'),
(1424, 1, 45.5416, 10.2118, '2026-04-30 23:32:31'),
(1425, 2, 45.5416, 10.2118, '2026-04-30 23:32:31'),
(1426, 3, 45.5416, 10.2118, '2026-04-30 23:32:31'),
(1427, 4, 45.527473517782, 10.216307712884, '2026-04-30 23:32:31'),
(1428, 5, 45.5416, 10.2118, '2026-04-30 23:32:31'),
(1429, 6, 45.543684429916, 10.201809885726, '2026-04-30 23:32:31'),
(1430, 1, 45.5416, 10.2118, '2026-04-30 23:32:33'),
(1431, 2, 45.5416, 10.2118, '2026-04-30 23:32:33'),
(1432, 3, 45.5416, 10.2118, '2026-04-30 23:32:33'),
(1433, 4, 45.527616418828, 10.216262113642, '2026-04-30 23:32:33'),
(1434, 5, 45.5416, 10.2118, '2026-04-30 23:32:33'),
(1435, 6, 45.543653792319, 10.20195672352, '2026-04-30 23:32:33'),
(1436, 1, 45.5416, 10.2118, '2026-04-30 23:32:35'),
(1437, 2, 45.5416, 10.2118, '2026-04-30 23:32:35'),
(1438, 3, 45.5416, 10.2118, '2026-04-30 23:32:35'),
(1439, 4, 45.527759319874, 10.216216514399, '2026-04-30 23:32:35'),
(1440, 5, 45.5416, 10.2118, '2026-04-30 23:32:35'),
(1441, 6, 45.543623154723, 10.202103561314, '2026-04-30 23:32:35'),
(1442, 1, 45.5416, 10.2118, '2026-04-30 23:32:37'),
(1443, 2, 45.5416, 10.2118, '2026-04-30 23:32:37'),
(1444, 3, 45.5416, 10.2118, '2026-04-30 23:32:37'),
(1445, 4, 45.52790222092, 10.216170915157, '2026-04-30 23:32:37'),
(1446, 5, 45.5416, 10.2118, '2026-04-30 23:32:37'),
(1447, 6, 45.543592517126, 10.202250399108, '2026-04-30 23:32:37'),
(1448, 1, 45.5416, 10.2118, '2026-04-30 23:32:39'),
(1449, 2, 45.5416, 10.2118, '2026-04-30 23:32:39'),
(1450, 3, 45.5416, 10.2118, '2026-04-30 23:32:39'),
(1451, 4, 45.528045121966, 10.216125315914, '2026-04-30 23:32:39'),
(1452, 5, 45.5416, 10.2118, '2026-04-30 23:32:39'),
(1453, 6, 45.54356187953, 10.202397236902, '2026-04-30 23:32:39'),
(1454, 1, 45.5416, 10.2118, '2026-04-30 23:32:41'),
(1455, 2, 45.5416, 10.2118, '2026-04-30 23:32:41'),
(1456, 3, 45.5416, 10.2118, '2026-04-30 23:32:41'),
(1457, 4, 45.528188023012, 10.216079716672, '2026-04-30 23:32:41'),
(1458, 5, 45.5416, 10.2118, '2026-04-30 23:32:41'),
(1459, 6, 45.543531241934, 10.202544074696, '2026-04-30 23:32:41'),
(1460, 1, 45.5416, 10.2118, '2026-04-30 23:32:43'),
(1461, 2, 45.5416, 10.2118, '2026-04-30 23:32:43'),
(1462, 3, 45.5416, 10.2118, '2026-04-30 23:32:43'),
(1463, 4, 45.528330924058, 10.21603411743, '2026-04-30 23:32:43'),
(1464, 5, 45.5416, 10.2118, '2026-04-30 23:32:43'),
(1465, 6, 45.543500604337, 10.20269091249, '2026-04-30 23:32:43'),
(1466, 1, 45.5416, 10.2118, '2026-04-30 23:32:45'),
(1467, 2, 45.5416, 10.2118, '2026-04-30 23:32:45'),
(1468, 3, 45.5416, 10.2118, '2026-04-30 23:32:45'),
(1469, 4, 45.528473825104, 10.215988518187, '2026-04-30 23:32:45'),
(1470, 5, 45.5416, 10.2118, '2026-04-30 23:32:45'),
(1471, 6, 45.54346996674, 10.202837750284, '2026-04-30 23:32:45'),
(1472, 1, 45.5416, 10.2118, '2026-04-30 23:32:47'),
(1473, 2, 45.5416, 10.2118, '2026-04-30 23:32:47'),
(1474, 3, 45.5416, 10.2118, '2026-04-30 23:32:47'),
(1475, 4, 45.52861672615, 10.215942918945, '2026-04-30 23:32:47'),
(1476, 5, 45.5416, 10.2118, '2026-04-30 23:32:47'),
(1477, 6, 45.543439329143, 10.202984588078, '2026-04-30 23:32:47'),
(1478, 1, 45.5416, 10.2118, '2026-04-30 23:32:49'),
(1479, 2, 45.5416, 10.2118, '2026-04-30 23:32:49'),
(1480, 3, 45.5416, 10.2118, '2026-04-30 23:32:49'),
(1481, 4, 45.528759627196, 10.215897319703, '2026-04-30 23:32:49'),
(1482, 5, 45.5416, 10.2118, '2026-04-30 23:32:49'),
(1483, 6, 45.543408691547, 10.203131425872, '2026-04-30 23:32:49'),
(1484, 1, 45.5416, 10.2118, '2026-04-30 23:32:51'),
(1485, 2, 45.5416, 10.2118, '2026-04-30 23:32:51'),
(1486, 3, 45.5416, 10.2118, '2026-04-30 23:32:51'),
(1487, 4, 45.528902528242, 10.21585172046, '2026-04-30 23:32:51'),
(1488, 5, 45.5416, 10.2118, '2026-04-30 23:32:51'),
(1489, 6, 45.54337805395, 10.203278263666, '2026-04-30 23:32:51'),
(1490, 1, 45.5416, 10.2118, '2026-04-30 23:32:52'),
(1491, 2, 45.5416, 10.2118, '2026-04-30 23:32:52'),
(1492, 3, 45.5416, 10.2118, '2026-04-30 23:32:52'),
(1493, 4, 45.529045429288, 10.215806121218, '2026-04-30 23:32:52'),
(1494, 5, 45.5416, 10.2118, '2026-04-30 23:32:52'),
(1495, 6, 45.543347416354, 10.20342510146, '2026-04-30 23:32:52'),
(1496, 1, 45.5416, 10.2118, '2026-04-30 23:32:55'),
(1497, 2, 45.5416, 10.2118, '2026-04-30 23:32:55'),
(1498, 3, 45.5416, 10.2118, '2026-04-30 23:32:55'),
(1499, 4, 45.529188330334, 10.215760521976, '2026-04-30 23:32:55'),
(1500, 5, 45.5416, 10.2118, '2026-04-30 23:32:55'),
(1501, 6, 45.543316778758, 10.203571939254, '2026-04-30 23:32:55'),
(1502, 1, 45.5416, 10.2118, '2026-04-30 23:32:56'),
(1503, 2, 45.5416, 10.2118, '2026-04-30 23:32:56'),
(1504, 3, 45.5416, 10.2118, '2026-04-30 23:32:56'),
(1505, 4, 45.52933123138, 10.215714922733, '2026-04-30 23:32:56'),
(1506, 5, 45.5416, 10.2118, '2026-04-30 23:32:56'),
(1507, 6, 45.543286141161, 10.203718777048, '2026-04-30 23:32:56'),
(1508, 1, 45.5416, 10.2118, '2026-04-30 23:32:58'),
(1509, 2, 45.5416, 10.2118, '2026-04-30 23:32:58'),
(1510, 3, 45.5416, 10.2118, '2026-04-30 23:32:58'),
(1511, 4, 45.529474132426, 10.215669323491, '2026-04-30 23:32:58'),
(1512, 5, 45.5416, 10.2118, '2026-04-30 23:32:58'),
(1513, 6, 45.543255503564, 10.203865614842, '2026-04-30 23:32:58'),
(1514, 1, 45.5416, 10.2118, '2026-04-30 23:33:00'),
(1515, 2, 45.5416, 10.2118, '2026-04-30 23:33:00'),
(1516, 3, 45.5416, 10.2118, '2026-04-30 23:33:00'),
(1517, 4, 45.529617033472, 10.215623724249, '2026-04-30 23:33:00'),
(1518, 5, 45.5416, 10.2118, '2026-04-30 23:33:00'),
(1519, 6, 45.543224865968, 10.204012452636, '2026-04-30 23:33:00'),
(1520, 1, 45.5416, 10.2118, '2026-04-30 23:33:02'),
(1521, 2, 45.5416, 10.2118, '2026-04-30 23:33:02'),
(1522, 3, 45.5416, 10.2118, '2026-04-30 23:33:02'),
(1523, 4, 45.529759934518, 10.215578125006, '2026-04-30 23:33:02'),
(1524, 5, 45.5416, 10.2118, '2026-04-30 23:33:02'),
(1525, 6, 45.543194228371, 10.20415929043, '2026-04-30 23:33:02'),
(1526, 1, 45.5416, 10.2118, '2026-04-30 23:33:04'),
(1527, 2, 45.5416, 10.2118, '2026-04-30 23:33:04'),
(1528, 3, 45.5416, 10.2118, '2026-04-30 23:33:04'),
(1529, 4, 45.529902835564, 10.215532525764, '2026-04-30 23:33:04'),
(1530, 5, 45.5416, 10.2118, '2026-04-30 23:33:04'),
(1531, 6, 45.543163590774, 10.204306128224, '2026-04-30 23:33:04'),
(1532, 1, 45.5416, 10.2118, '2026-04-30 23:33:06'),
(1533, 2, 45.5416, 10.2118, '2026-04-30 23:33:06'),
(1534, 3, 45.5416, 10.2118, '2026-04-30 23:33:06'),
(1535, 4, 45.53004573661, 10.215486926522, '2026-04-30 23:33:06'),
(1536, 5, 45.5416, 10.2118, '2026-04-30 23:33:06'),
(1537, 6, 45.543132953178, 10.204452966018, '2026-04-30 23:33:06'),
(1538, 1, 45.5416, 10.2118, '2026-04-30 23:33:08'),
(1539, 2, 45.5416, 10.2118, '2026-04-30 23:33:08'),
(1540, 3, 45.5416, 10.2118, '2026-04-30 23:33:08'),
(1541, 4, 45.530188637656, 10.215441327279, '2026-04-30 23:33:08'),
(1542, 5, 45.5416, 10.2118, '2026-04-30 23:33:08'),
(1543, 6, 45.543102315581, 10.204599803812, '2026-04-30 23:33:08'),
(1544, 1, 45.5416, 10.2118, '2026-04-30 23:33:10'),
(1545, 2, 45.5416, 10.2118, '2026-04-30 23:33:10'),
(1546, 3, 45.5416, 10.2118, '2026-04-30 23:33:10'),
(1547, 4, 45.530331538702, 10.215395728037, '2026-04-30 23:33:10'),
(1548, 5, 45.5416, 10.2118, '2026-04-30 23:33:10'),
(1549, 6, 45.543071677985, 10.204746641606, '2026-04-30 23:33:10'),
(1550, 1, 45.5416, 10.2118, '2026-04-30 23:33:12'),
(1551, 2, 45.5416, 10.2118, '2026-04-30 23:33:12'),
(1552, 3, 45.5416, 10.2118, '2026-04-30 23:33:12'),
(1553, 4, 45.530474439748, 10.215350128795, '2026-04-30 23:33:12'),
(1554, 5, 45.5416, 10.2118, '2026-04-30 23:33:12'),
(1555, 6, 45.543041040388, 10.2048934794, '2026-04-30 23:33:12'),
(1556, 1, 45.5416, 10.2118, '2026-04-30 23:33:15'),
(1557, 2, 45.5416, 10.2118, '2026-04-30 23:33:15'),
(1558, 3, 45.5416, 10.2118, '2026-04-30 23:33:15'),
(1559, 4, 45.530617340794, 10.215304529552, '2026-04-30 23:33:15'),
(1560, 5, 45.5416, 10.2118, '2026-04-30 23:33:15'),
(1561, 6, 45.543010402792, 10.205040317194, '2026-04-30 23:33:15'),
(1562, 1, 45.5416, 10.2118, '2026-04-30 23:33:17'),
(1563, 2, 45.5416, 10.2118, '2026-04-30 23:33:17'),
(1564, 3, 45.5416, 10.2118, '2026-04-30 23:33:17'),
(1565, 4, 45.53076024184, 10.21525893031, '2026-04-30 23:33:17'),
(1566, 5, 45.5416, 10.2118, '2026-04-30 23:33:17'),
(1567, 6, 45.542979765195, 10.205187154988, '2026-04-30 23:33:17'),
(1568, 1, 45.5416, 10.2118, '2026-04-30 23:33:19'),
(1569, 2, 45.5416, 10.2118, '2026-04-30 23:33:19'),
(1570, 3, 45.5416, 10.2118, '2026-04-30 23:33:19'),
(1571, 4, 45.530903142886, 10.215213331068, '2026-04-30 23:33:19'),
(1572, 5, 45.5416, 10.2118, '2026-04-30 23:33:19'),
(1573, 6, 45.542949127599, 10.205333992782, '2026-04-30 23:33:19'),
(1574, 1, 45.5416, 10.2118, '2026-04-30 23:33:21'),
(1575, 2, 45.5416, 10.2118, '2026-04-30 23:33:21'),
(1576, 3, 45.5416, 10.2118, '2026-04-30 23:33:21'),
(1577, 4, 45.531046043932, 10.215167731825, '2026-04-30 23:33:21'),
(1578, 5, 45.5416, 10.2118, '2026-04-30 23:33:21'),
(1579, 6, 45.542918490002, 10.205480830576, '2026-04-30 23:33:21'),
(1580, 1, 45.5416, 10.2118, '2026-04-30 23:33:23'),
(1581, 2, 45.5416, 10.2118, '2026-04-30 23:33:23'),
(1582, 3, 45.5416, 10.2118, '2026-04-30 23:33:23'),
(1583, 4, 45.531188944978, 10.215122132583, '2026-04-30 23:33:23'),
(1584, 5, 45.5416, 10.2118, '2026-04-30 23:33:23'),
(1585, 6, 45.542887852406, 10.20562766837, '2026-04-30 23:33:23'),
(1586, 1, 45.5416, 10.2118, '2026-04-30 23:33:25'),
(1587, 2, 45.5416, 10.2118, '2026-04-30 23:33:25'),
(1588, 3, 45.5416, 10.2118, '2026-04-30 23:33:25'),
(1589, 4, 45.531331846024, 10.21507653334, '2026-04-30 23:33:25'),
(1590, 5, 45.5416, 10.2118, '2026-04-30 23:33:25'),
(1591, 6, 45.542857214809, 10.205774506164, '2026-04-30 23:33:25'),
(1592, 1, 45.5416, 10.2118, '2026-04-30 23:33:27'),
(1593, 2, 45.5416, 10.2118, '2026-04-30 23:33:27'),
(1594, 3, 45.5416, 10.2118, '2026-04-30 23:33:27'),
(1595, 4, 45.53147474707, 10.215030934098, '2026-04-30 23:33:27'),
(1596, 5, 45.5416, 10.2118, '2026-04-30 23:33:27'),
(1597, 6, 45.542826577212, 10.205921343958, '2026-04-30 23:33:27'),
(1598, 1, 45.5416, 10.2118, '2026-04-30 23:33:29'),
(1599, 2, 45.5416, 10.2118, '2026-04-30 23:33:29'),
(1600, 3, 45.5416, 10.2118, '2026-04-30 23:33:29'),
(1601, 4, 45.531617648116, 10.214985334856, '2026-04-30 23:33:29'),
(1602, 5, 45.5416, 10.2118, '2026-04-30 23:33:29'),
(1603, 6, 45.542795939616, 10.206068181752, '2026-04-30 23:33:29'),
(1604, 1, 45.5416, 10.2118, '2026-04-30 23:33:31'),
(1605, 2, 45.5416, 10.2118, '2026-04-30 23:33:31'),
(1606, 3, 45.5416, 10.2118, '2026-04-30 23:33:31'),
(1607, 4, 45.531760549162, 10.214939735613, '2026-04-30 23:33:31'),
(1608, 5, 45.5416, 10.2118, '2026-04-30 23:33:31'),
(1609, 6, 45.542765302019, 10.206215019546, '2026-04-30 23:33:31'),
(1610, 1, 45.5416, 10.2118, '2026-04-30 23:33:33'),
(1611, 2, 45.5416, 10.2118, '2026-04-30 23:33:33'),
(1612, 3, 45.5416, 10.2118, '2026-04-30 23:33:33'),
(1613, 4, 45.531903450208, 10.214894136371, '2026-04-30 23:33:33'),
(1614, 5, 45.5416, 10.2118, '2026-04-30 23:33:33'),
(1615, 6, 45.542734664423, 10.20636185734, '2026-04-30 23:33:33'),
(1616, 1, 45.5416, 10.2118, '2026-04-30 23:33:35'),
(1617, 2, 45.5416, 10.2118, '2026-04-30 23:33:35'),
(1618, 3, 45.5416, 10.2118, '2026-04-30 23:33:35'),
(1619, 4, 45.532046351254, 10.214848537129, '2026-04-30 23:33:35'),
(1620, 5, 45.5416, 10.2118, '2026-04-30 23:33:35'),
(1621, 6, 45.542704026826, 10.206508695134, '2026-04-30 23:33:35'),
(1622, 1, 45.5416, 10.2118, '2026-04-30 23:33:37'),
(1623, 2, 45.5416, 10.2118, '2026-04-30 23:33:37'),
(1624, 3, 45.5416, 10.2118, '2026-04-30 23:33:37'),
(1625, 4, 45.5321892523, 10.214802937886, '2026-04-30 23:33:37'),
(1626, 5, 45.5416, 10.2118, '2026-04-30 23:33:37'),
(1627, 6, 45.54267338923, 10.206655532928, '2026-04-30 23:33:37'),
(1628, 1, 45.5416, 10.2118, '2026-04-30 23:33:39'),
(1629, 2, 45.5416, 10.2118, '2026-04-30 23:33:39'),
(1630, 3, 45.5416, 10.2118, '2026-04-30 23:33:39'),
(1631, 4, 45.532332153346, 10.214757338644, '2026-04-30 23:33:39'),
(1632, 5, 45.5416, 10.2118, '2026-04-30 23:33:39'),
(1633, 6, 45.542642751633, 10.206802370722, '2026-04-30 23:33:39'),
(1634, 1, 45.5416, 10.2118, '2026-04-30 23:33:41'),
(1635, 2, 45.5416, 10.2118, '2026-04-30 23:33:41'),
(1636, 3, 45.5416, 10.2118, '2026-04-30 23:33:41'),
(1637, 4, 45.532475054392, 10.214711739402, '2026-04-30 23:33:41'),
(1638, 5, 45.5416, 10.2118, '2026-04-30 23:33:41'),
(1639, 6, 45.542612114037, 10.206949208516, '2026-04-30 23:33:41'),
(1640, 1, 45.5416, 10.2118, '2026-04-30 23:33:43'),
(1641, 2, 45.5416, 10.2118, '2026-04-30 23:33:43'),
(1642, 3, 45.5416, 10.2118, '2026-04-30 23:33:43'),
(1643, 4, 45.532617955438, 10.214666140159, '2026-04-30 23:33:43'),
(1644, 5, 45.5416, 10.2118, '2026-04-30 23:33:43'),
(1645, 6, 45.54258147644, 10.20709604631, '2026-04-30 23:33:43'),
(1646, 1, 45.5416, 10.2118, '2026-04-30 23:33:45'),
(1647, 2, 45.5416, 10.2118, '2026-04-30 23:33:45'),
(1648, 3, 45.5416, 10.2118, '2026-04-30 23:33:45'),
(1649, 4, 45.532760856484, 10.214620540917, '2026-04-30 23:33:45'),
(1650, 5, 45.5416, 10.2118, '2026-04-30 23:33:45'),
(1651, 6, 45.542550838844, 10.207242884104, '2026-04-30 23:33:45'),
(1652, 1, 45.5416, 10.2118, '2026-04-30 23:33:47'),
(1653, 2, 45.5416, 10.2118, '2026-04-30 23:33:47'),
(1654, 3, 45.5416, 10.2118, '2026-04-30 23:33:47'),
(1655, 4, 45.53290375753, 10.214574941675, '2026-04-30 23:33:47'),
(1656, 5, 45.5416, 10.2118, '2026-04-30 23:33:47'),
(1657, 6, 45.542520201247, 10.207389721898, '2026-04-30 23:33:47'),
(1658, 1, 45.5416, 10.2118, '2026-04-30 23:33:49'),
(1659, 2, 45.5416, 10.2118, '2026-04-30 23:33:49'),
(1660, 3, 45.5416, 10.2118, '2026-04-30 23:33:49'),
(1661, 4, 45.533046658576, 10.214529342432, '2026-04-30 23:33:49'),
(1662, 5, 45.5416, 10.2118, '2026-04-30 23:33:49'),
(1663, 6, 45.54248956365, 10.207536559692, '2026-04-30 23:33:49'),
(1664, 1, 45.5416, 10.2118, '2026-04-30 23:33:51'),
(1665, 2, 45.5416, 10.2118, '2026-04-30 23:33:51'),
(1666, 3, 45.5416, 10.2118, '2026-04-30 23:33:51'),
(1667, 4, 45.533189559622, 10.21448374319, '2026-04-30 23:33:51'),
(1668, 5, 45.5416, 10.2118, '2026-04-30 23:33:51'),
(1669, 6, 45.542458926054, 10.207683397486, '2026-04-30 23:33:51'),
(1670, 1, 45.5416, 10.2118, '2026-04-30 23:33:53'),
(1671, 2, 45.5416, 10.2118, '2026-04-30 23:33:53'),
(1672, 3, 45.5416, 10.2118, '2026-04-30 23:33:53'),
(1673, 4, 45.533332460668, 10.214438143948, '2026-04-30 23:33:53'),
(1674, 5, 45.5416, 10.2118, '2026-04-30 23:33:53'),
(1675, 6, 45.542428288458, 10.20783023528, '2026-04-30 23:33:53'),
(1676, 1, 45.5416, 10.2118, '2026-04-30 23:33:55'),
(1677, 2, 45.5416, 10.2118, '2026-04-30 23:33:55'),
(1678, 3, 45.5416, 10.2118, '2026-04-30 23:33:55'),
(1679, 4, 45.533475361714, 10.214392544705, '2026-04-30 23:33:55'),
(1680, 5, 45.5416, 10.2118, '2026-04-30 23:33:55'),
(1681, 6, 45.542397650861, 10.207977073074, '2026-04-30 23:33:55'),
(1682, 1, 45.5416, 10.2118, '2026-04-30 23:33:57'),
(1683, 2, 45.5416, 10.2118, '2026-04-30 23:33:57'),
(1684, 3, 45.5416, 10.2118, '2026-04-30 23:33:57'),
(1685, 4, 45.53361826276, 10.214346945463, '2026-04-30 23:33:57'),
(1686, 5, 45.5416, 10.2118, '2026-04-30 23:33:57'),
(1687, 6, 45.542367013264, 10.208123910868, '2026-04-30 23:33:57'),
(1688, 1, 45.5416, 10.2118, '2026-04-30 23:33:59'),
(1689, 2, 45.5416, 10.2118, '2026-04-30 23:33:59'),
(1690, 3, 45.5416, 10.2118, '2026-04-30 23:33:59'),
(1691, 4, 45.533761163806, 10.214301346221, '2026-04-30 23:33:59'),
(1692, 5, 45.5416, 10.2118, '2026-04-30 23:33:59'),
(1693, 6, 45.542336375668, 10.208270748662, '2026-04-30 23:33:59'),
(1694, 1, 45.5416, 10.2118, '2026-04-30 23:34:01'),
(1695, 2, 45.5416, 10.2118, '2026-04-30 23:34:01'),
(1696, 3, 45.5416, 10.2118, '2026-04-30 23:34:01'),
(1697, 4, 45.533904064852, 10.214255746978, '2026-04-30 23:34:01'),
(1698, 5, 45.5416, 10.2118, '2026-04-30 23:34:01'),
(1699, 6, 45.542305738071, 10.208417586456, '2026-04-30 23:34:01'),
(1700, 1, 45.5416, 10.2118, '2026-04-30 23:34:03'),
(1701, 2, 45.5416, 10.2118, '2026-04-30 23:34:03'),
(1702, 3, 45.5416, 10.2118, '2026-04-30 23:34:03'),
(1703, 4, 45.534046965898, 10.214210147736, '2026-04-30 23:34:03'),
(1704, 5, 45.5416, 10.2118, '2026-04-30 23:34:03'),
(1705, 6, 45.542275100475, 10.20856442425, '2026-04-30 23:34:03'),
(1706, 1, 45.5416, 10.2118, '2026-04-30 23:34:05'),
(1707, 2, 45.5416, 10.2118, '2026-04-30 23:34:05'),
(1708, 3, 45.5416, 10.2118, '2026-04-30 23:34:05'),
(1709, 4, 45.534189866944, 10.214164548493, '2026-04-30 23:34:05'),
(1710, 5, 45.5416, 10.2118, '2026-04-30 23:34:05'),
(1711, 6, 45.542244462878, 10.208711262044, '2026-04-30 23:34:05'),
(1712, 1, 45.5416, 10.2118, '2026-04-30 23:34:07'),
(1713, 2, 45.5416, 10.2118, '2026-04-30 23:34:07'),
(1714, 3, 45.5416, 10.2118, '2026-04-30 23:34:07'),
(1715, 4, 45.53433276799, 10.214118949251, '2026-04-30 23:34:07'),
(1716, 5, 45.5416, 10.2118, '2026-04-30 23:34:07'),
(1717, 6, 45.542213825282, 10.208858099838, '2026-04-30 23:34:07'),
(1718, 1, 45.5416, 10.2118, '2026-04-30 23:34:09'),
(1719, 2, 45.5416, 10.2118, '2026-04-30 23:34:09'),
(1720, 3, 45.5416, 10.2118, '2026-04-30 23:34:09');
INSERT INTO `drone_path` (`id`, `drone_id`, `lat`, `lng`, `timestamp`) VALUES
(1721, 4, 45.534475669036, 10.214073350009, '2026-04-30 23:34:09'),
(1722, 5, 45.5416, 10.2118, '2026-04-30 23:34:09'),
(1723, 6, 45.542183187685, 10.209004937632, '2026-04-30 23:34:09'),
(1724, 1, 45.5416, 10.2118, '2026-04-30 23:34:11'),
(1725, 2, 45.5416, 10.2118, '2026-04-30 23:34:11'),
(1726, 3, 45.5416, 10.2118, '2026-04-30 23:34:11'),
(1727, 4, 45.534618570082, 10.214027750766, '2026-04-30 23:34:11'),
(1728, 5, 45.5416, 10.2118, '2026-04-30 23:34:11'),
(1729, 6, 45.542152550088, 10.209151775426, '2026-04-30 23:34:11'),
(1730, 1, 45.5416, 10.2118, '2026-04-30 23:34:51'),
(1731, 2, 45.5416, 10.2118, '2026-04-30 23:34:51'),
(1732, 3, 45.5416, 10.2118, '2026-04-30 23:34:51'),
(1733, 4, 45.534761471128, 10.213982151524, '2026-04-30 23:34:51'),
(1734, 5, 45.5416, 10.2118, '2026-04-30 23:34:51'),
(1735, 6, 45.542121912492, 10.20929861322, '2026-04-30 23:34:51'),
(1736, 1, 45.5416, 10.2118, '2026-04-30 23:35:51'),
(1737, 2, 45.5416, 10.2118, '2026-04-30 23:35:51'),
(1738, 3, 45.5416, 10.2118, '2026-04-30 23:35:51'),
(1739, 4, 45.534904372174, 10.213936552282, '2026-04-30 23:35:51'),
(1740, 5, 45.5416, 10.2118, '2026-04-30 23:35:51'),
(1741, 6, 45.542091274895, 10.209445451014, '2026-04-30 23:35:51'),
(1742, 1, 45.5416, 10.2118, '2026-04-30 23:36:51'),
(1743, 2, 45.5416, 10.2118, '2026-04-30 23:36:51'),
(1744, 3, 45.5416, 10.2118, '2026-04-30 23:36:51'),
(1745, 4, 45.53504727322, 10.213890953039, '2026-04-30 23:36:51'),
(1746, 5, 45.5416, 10.2118, '2026-04-30 23:36:51'),
(1747, 6, 45.542060637299, 10.209592288808, '2026-04-30 23:36:51'),
(1748, 1, 45.5416, 10.2118, '2026-04-30 23:37:51'),
(1749, 2, 45.5416, 10.2118, '2026-04-30 23:37:51'),
(1750, 3, 45.5416, 10.2118, '2026-04-30 23:37:51'),
(1751, 4, 45.535190174266, 10.213845353797, '2026-04-30 23:37:51'),
(1752, 5, 45.5416, 10.2118, '2026-04-30 23:37:51'),
(1753, 6, 45.542029999702, 10.209739126602, '2026-04-30 23:37:51'),
(1754, 1, 45.5416, 10.2118, '2026-04-30 23:38:09'),
(1755, 2, 45.5416, 10.2118, '2026-04-30 23:38:09'),
(1756, 3, 45.5416, 10.2118, '2026-04-30 23:38:09'),
(1757, 4, 45.535333075312, 10.213799754555, '2026-04-30 23:38:09'),
(1758, 5, 45.5416, 10.2118, '2026-04-30 23:38:09'),
(1759, 6, 45.541999362106, 10.209885964396, '2026-04-30 23:38:09'),
(1760, 1, 45.5416, 10.2118, '2026-04-30 23:38:10'),
(1761, 2, 45.5416, 10.2118, '2026-04-30 23:38:10'),
(1762, 3, 45.5416, 10.2118, '2026-04-30 23:38:10'),
(1763, 4, 45.535475976358, 10.213754155312, '2026-04-30 23:38:10'),
(1764, 5, 45.5416, 10.2118, '2026-04-30 23:38:10'),
(1765, 6, 45.541968724509, 10.21003280219, '2026-04-30 23:38:10');

-- --------------------------------------------------------

--
-- Struttura della tabella `drone_tracking`
--

CREATE TABLE `drone_tracking` (
  `id` int(11) NOT NULL,
  `drone_id` int(11) NOT NULL,
  `latitude` double NOT NULL,
  `longitude` double NOT NULL,
  `recorded_at` datetime DEFAULT current_timestamp()
) ENGINE=InnoDB DEFAULT CHARSET=utf8mb4 COLLATE=utf8mb4_general_ci;

--
-- Dump dei dati per la tabella `drone_tracking`
--

INSERT INTO `drone_tracking` (`id`, `drone_id`, `latitude`, `longitude`, `recorded_at`) VALUES
(1, 5, 45.5294, 10.2198359, '2026-05-02 21:18:31'),
(2, 5, 45.541891351417, 10.19650591057, '2026-05-02 21:18:33'),
(3, 5, 45.540981108501, 10.198205963422, '2026-05-02 21:18:43'),
(4, 5, 45.540070865586, 10.199906016274, '2026-05-02 21:18:53'),
(5, 5, 45.53916062267, 10.201606069125, '2026-05-02 21:19:03'),
(6, 5, 45.538250379755, 10.203306121977, '2026-05-02 21:19:13'),
(7, 5, 45.537340136839, 10.205006174829, '2026-05-02 21:19:23'),
(8, 5, 45.536429893924, 10.206706227681, '2026-05-02 21:19:33'),
(9, 5, 45.535519651008, 10.208406280532, '2026-05-02 21:19:43'),
(10, 5, 45.534609408093, 10.210106333384, '2026-05-02 21:19:53'),
(11, 5, 45.533699165177, 10.211806386236, '2026-05-02 21:20:03'),
(12, 5, 45.532788922262, 10.213506439087, '2026-05-02 21:20:13'),
(13, 5, 45.531878679346, 10.215206491939, '2026-05-02 21:20:23'),
(14, 5, 45.53096843643, 10.216906544791, '2026-05-02 21:20:33'),
(15, 5, 45.530058193515, 10.218606597642, '2026-05-02 21:20:43'),
(16, 5, 45.5294, 10.2198359, '2026-05-02 21:20:53'),
(17, 5, 45.541163157084, 10.197865952852, '2026-05-02 21:21:03'),
(18, 5, 45.540252914169, 10.199566005703, '2026-05-02 21:21:13'),
(19, 5, 45.539251646962, 10.20143606384, '2026-05-02 21:21:24'),
(20, 5, 45.538341404046, 10.203136116692, '2026-05-02 21:21:34'),
(21, 5, 45.537431161131, 10.204836169544, '2026-05-02 21:21:44'),
(22, 5, 45.536520918215, 10.206536222395, '2026-05-02 21:21:54'),
(23, 5, 45.5356106753, 10.208236275247, '2026-05-02 21:22:04'),
(24, 5, 45.534700432384, 10.209936328099, '2026-05-02 21:22:14'),
(25, 5, 45.532242776512, 10.214526470798, '2026-05-02 21:22:41'),
(26, 2, 45.5424481, 10.2229481, '2026-05-02 21:30:57'),
(27, 2, 45.542152424355, 10.222877576189, '2026-05-02 21:30:59'),
(28, 2, 45.54067404613, 10.222524957132, '2026-05-02 21:31:09'),
(29, 2, 45.539195667906, 10.222172338076, '2026-05-02 21:31:19'),
(30, 2, 45.537717289681, 10.221819719019, '2026-05-02 21:31:29'),
(31, 2, 45.536238911456, 10.221467099963, '2026-05-02 21:31:39'),
(32, 2, 45.534760533232, 10.221114480906, '2026-05-02 21:31:49'),
(33, 2, 45.533282155007, 10.22076186185, '2026-05-02 21:31:59'),
(34, 2, 45.531803776783, 10.220409242793, '2026-05-02 21:32:09'),
(35, 2, 45.530325398558, 10.220056623737, '2026-05-02 21:32:19'),
(36, 2, 45.5294, 10.2198359, '2026-05-02 21:32:29');

-- --------------------------------------------------------

--
-- Struttura della tabella `orders`
--

CREATE TABLE `orders` (
  `id` int(11) NOT NULL,
  `customer_id` int(11) DEFAULT NULL,
  `pickup_address` varchar(255) DEFAULT NULL,
  `delivery_address` varchar(255) DEFAULT NULL,
  `notes` text DEFAULT NULL,
  `priority` varchar(20) DEFAULT 'media',
  `status` enum('in_attesa','in_consegna','completato','annullato') DEFAULT 'in_attesa',
  `created_at` timestamp NOT NULL DEFAULT current_timestamp(),
  `updated_at` datetime DEFAULT NULL,
  `assigned_drone` int(11) DEFAULT NULL,
  `pickup_lat` double DEFAULT NULL,
  `pickup_lng` double DEFAULT NULL,
  `delivery_lat` double DEFAULT NULL,
  `delivery_lng` double DEFAULT NULL
) ENGINE=InnoDB DEFAULT CHARSET=utf8mb4 COLLATE=utf8mb4_general_ci;

--
-- Dump dei dati per la tabella `orders`
--

INSERT INTO `orders` (`id`, `customer_id`, `pickup_address`, `delivery_address`, `notes`, `priority`, `status`, `created_at`, `updated_at`, `assigned_drone`, `pickup_lat`, `pickup_lng`, `delivery_lat`, `delivery_lng`) VALUES
(2, 2, 'via borsellino', 'via falcone', 'boh', 'bassa', 'completato', '2026-03-29 16:33:46', NULL, 2, 45.1086661, 7.7551697, 45.4625144, 9.1877175),
(3, 2, 'Via Luigi Cadorna, 1', 'Via Roma, 23', '', 'bassa', 'completato', '2026-04-16 17:26:33', NULL, 2, 45.5323197, 10.2342186, 45.4851214, 12.243768),
(4, 2, 'Via Luigi Cadorna, 1', 'Via Roma, 23', '', 'bassa', 'completato', '2026-04-16 17:30:05', NULL, 2, 45.5323197, 10.2342186, 45.5416, 10.2118),
(5, 2, 'Via San Faustino, Centro Storico Nord, Zona Centro, Brescia, Lombardia, 25122, Italia', 'Via Milano, Fiumicello, Zona Ovest, Brescia, Lombardia, 25127, Italia', '', 'bassa', 'completato', '2026-04-26 17:39:26', NULL, 6, 45.5409787, 10.2194268, 45.5461048, 10.1902097),
(6, 2, 'Via del Castello, Brescia Antica, Zona Centro, Brescia, Lombardia, 25121, Italia', 'Via Cefalonia, Lamarmora, Zona Sud, Brescia, Lombardia, 25100, Italia', '', 'bassa', 'completato', '2026-04-26 17:40:27', NULL, 4, 45.5410355, 10.2257715, 45.5250442, 10.2170829),
(7, 2, 'Via Emilio Morosini, Fiumicello, Zona Ovest, Brescia, Lombardia, 25126, Italia', 'Via Sostegno, Lamarmora, Zona Sud, Brescia, Lombardia, 25100, Italia', '', 'alta', 'completato', '2026-05-01 11:54:15', '2026-05-02 21:20:53', 5, 45.5420734, 10.1961659, 45.5294, 10.2198359),
(8, 2, NULL, NULL, NULL, NULL, 'annullato', '2026-05-01 11:54:22', NULL, NULL, NULL, NULL, NULL, NULL),
(9, 2, NULL, NULL, NULL, NULL, 'annullato', '2026-05-01 11:54:25', NULL, NULL, NULL, NULL, NULL, NULL),
(10, 2, NULL, NULL, NULL, NULL, 'annullato', '2026-05-01 11:54:38', NULL, NULL, NULL, NULL, NULL, NULL),
(11, 2, 'Via del Castello, Brescia Antica, Zona Centro, Brescia, Lombardia, 25121, Italia', 'Via Sostegno, Lamarmora, Zona Sud, Brescia, Lombardia, 25100, Italia', '', 'bassa', 'completato', '2026-05-01 11:59:44', '2026-05-02 21:32:29', 2, 45.5424481, 10.2229481, 45.5294, 10.2198359),
(12, 2, 'Via Emilio Morosini, Fiumicello, Zona Ovest, Brescia, Lombardia, 25126, Italia', 'Via del Castello, Brescia Antica, Zona Centro, Brescia, Lombardia, 25121, Italia', '', 'bassa', 'completato', '2026-05-02 09:43:48', '2026-05-02 21:18:04', 5, 45.5420734, 10.1961659, 45.5424481, 10.2229481);

-- --------------------------------------------------------

--
-- Struttura della tabella `users`
--

CREATE TABLE `users` (
  `id` int(11) NOT NULL,
  `username` varchar(50) NOT NULL,
  `password_hash` varchar(255) NOT NULL,
  `role` enum('admin','operatore') DEFAULT 'operatore'
) ENGINE=InnoDB DEFAULT CHARSET=utf8mb4 COLLATE=utf8mb4_general_ci;

--
-- Dump dei dati per la tabella `users`
--

INSERT INTO `users` (`id`, `username`, `password_hash`, `role`) VALUES
(1, 'admin', '$2y$10$UovWcSbj0pEMrd8ddkD3QOTmcfjYIUjLdqnI0PjqGvLtXetd.rsPq', 'operatore');

--
-- Indici per le tabelle scaricate
--

--
-- Indici per le tabelle `customers`
--
ALTER TABLE `customers`
  ADD PRIMARY KEY (`id`),
  ADD UNIQUE KEY `username` (`username`),
  ADD UNIQUE KEY `email` (`email`);

--
-- Indici per le tabelle `drones`
--
ALTER TABLE `drones`
  ADD PRIMARY KEY (`id`);

--
-- Indici per le tabelle `drone_path`
--
ALTER TABLE `drone_path`
  ADD PRIMARY KEY (`id`),
  ADD KEY `drone_id` (`drone_id`);

--
-- Indici per le tabelle `drone_tracking`
--
ALTER TABLE `drone_tracking`
  ADD PRIMARY KEY (`id`);

--
-- Indici per le tabelle `orders`
--
ALTER TABLE `orders`
  ADD PRIMARY KEY (`id`),
  ADD KEY `fk_orders_customer` (`customer_id`);

--
-- Indici per le tabelle `users`
--
ALTER TABLE `users`
  ADD PRIMARY KEY (`id`),
  ADD UNIQUE KEY `username` (`username`);

--
-- AUTO_INCREMENT per le tabelle scaricate
--

--
-- AUTO_INCREMENT per la tabella `customers`
--
ALTER TABLE `customers`
  MODIFY `id` int(11) NOT NULL AUTO_INCREMENT, AUTO_INCREMENT=4;

--
-- AUTO_INCREMENT per la tabella `drones`
--
ALTER TABLE `drones`
  MODIFY `id` int(11) NOT NULL AUTO_INCREMENT, AUTO_INCREMENT=8;

--
-- AUTO_INCREMENT per la tabella `drone_path`
--
ALTER TABLE `drone_path`
  MODIFY `id` int(11) NOT NULL AUTO_INCREMENT, AUTO_INCREMENT=1766;

--
-- AUTO_INCREMENT per la tabella `drone_tracking`
--
ALTER TABLE `drone_tracking`
  MODIFY `id` int(11) NOT NULL AUTO_INCREMENT, AUTO_INCREMENT=37;

--
-- AUTO_INCREMENT per la tabella `orders`
--
ALTER TABLE `orders`
  MODIFY `id` int(11) NOT NULL AUTO_INCREMENT, AUTO_INCREMENT=13;

--
-- AUTO_INCREMENT per la tabella `users`
--
ALTER TABLE `users`
  MODIFY `id` int(11) NOT NULL AUTO_INCREMENT, AUTO_INCREMENT=2;

--
-- Limiti per le tabelle scaricate
--

--
-- Limiti per la tabella `drone_path`
--
ALTER TABLE `drone_path`
  ADD CONSTRAINT `drone_path_ibfk_1` FOREIGN KEY (`drone_id`) REFERENCES `drones` (`id`) ON DELETE CASCADE;

--
-- Limiti per la tabella `orders`
--
ALTER TABLE `orders`
  ADD CONSTRAINT `fk_orders_customer` FOREIGN KEY (`customer_id`) REFERENCES `customers` (`id`) ON DELETE SET NULL;
COMMIT;

/*!40101 SET CHARACTER_SET_CLIENT=@OLD_CHARACTER_SET_CLIENT */;
/*!40101 SET CHARACTER_SET_RESULTS=@OLD_CHARACTER_SET_RESULTS */;
/*!40101 SET COLLATION_CONNECTION=@OLD_COLLATION_CONNECTION */;
